disp_area,disp_volume,disp_p_int,disp_p_max,disp_p_min,max_atom_area,sasa_area,sasa_volume,ip,ea,homo,lumo,bandgap,dipole_moment,electrophilicity,nucleophilicity,SMILES
362.46551394737645,350.23526693543505,18.734440833123134,44.81183658375821,9.247237285071714,36.0,530.8234256522833,822.992495083845,11.339589454677773,5.535736556207843,-0.3140985915923759,-0.2837756644723032,-0.030586733939738108,5.5703902076933804,1.1146507382575432,-6.493589454677773,[NH3]CCc1ccc(/C=C/c2cc(F)ccc2)cc1.[Cl]
303.36553554091313,284.6575689892276,18.19417046366572,43.52907846127749,9.083133732121379,29.0,446.45474763805396,676.7393457621922,11.346425363607608,4.678701156288909,-0.3105010892521379,-0.2665475883104086,-0.04384828112023834,5.381367826185901,0.7551047556849547,-6.500425363607607,[NH3]CCOc1cccc2ccccc12.[Cl]
360.9643695329899,346.97379262563084,18.659156376730365,46.07164387430509,9.215822255415032,35.99999999999999,525.2930537995051,810.041012319343,11.1803658924656,5.350832706243762,-0.31064931599277595,-0.27706360248693174,-0.03366618314378757,5.5427052595030775,1.0076927951607737,-6.334365892465602,[NH3]CCc1ccc(/C=C/c2ccccc2)cc1.[Cl]
346.70824150718437,334.22253104477386,19.142158297227358,49.328715534522836,9.29831829958313,34.00000000000001,489.9720566593464,770.3648288728125,11.203298696416825,5.611537362660524,-0.3182959041710638,-0.30676921505846694,-0.011809587124200167,5.064089389582624,1.137803130687621,-6.35729869641682,[NH3]CCc1ccc(cc1)/N=N\c1ccccc1.[Cl]
289.33798748917053,274.5067452970286,18.30907038861956,45.112006599260035,9.223648839823067,28.0,422.97241167904497,643.1734009802987,11.469441975872567,4.772815932913468,-0.3116743110911708,-0.26989648740378164,-0.04150402275046936,5.456022060355346,0.806650941528544,-6.623441975872567,[NH3]CCc1cc2ccccc2cc1.[Cl]
288.86126227947335,274.4489864915413,18.282635111577864,46.06091175791558,9.225194089569621,28.000000000000004,423.1367645900148,643.2454437992649,11.464739132126047,4.767430605461982,-0.31149465536800947,-0.26967279251287735,-0.041484070593555286,5.462371766917243,0.8041776755521802,-6.618739132126046,[NH3]CCc1ccc2ccccc2c1.[Cl]
260.0151339507164,243.2400662190075,18.271716904169537,45.45729598902418,9.063210226100951,24.0,390.29520674555613,583.4748618869269,11.491660694145715,5.276776891906334,-0.31615911077392433,-0.2896011267387292,-0.02644397938467531,5.072133645507732,1.0130286110277469,-6.645660694145718,[NH3]Cc1ccc2ncccc2c1.[Cl]
285.97020944253615,275.7474370992256,19.1376585115564,46.26362532871286,9.475427353725728,26.000000000000014,418.32092574481953,642.6979989443568,11.54685928129082,5.173988482899902,-0.3149377552840023,-0.2743674820708312,-0.04030663924488573,4.646415901403927,0.9760996345615114,-6.700859281290816,[NH3]CSc1ccc2ccccc2c1.[Cl]
271.02655093276456,251.77968159720632,17.139066510269227,44.7899064869109,8.094339728386677,25.999999999999993,402.9771596123563,599.7309932412356,11.523243059715643,3.494347121303243,-0.3103952465642269,-0.23558185728047756,-0.07481338928374932,5.517284167725949,0.4449981192701294,-6.677243059715643,[NH3]CCc1ccc(OC)cc1.[Cl]
267.3986327058814,250.41048804945459,18.231396145053036,45.33258624757048,9.109841665074796,25.0,399.35521616090216,598.0402479664195,11.53604740139413,4.989716355099953,-0.3104875002771861,-0.2770236300957349,-0.03327636429441085,5.350213758423655,0.8976601370556668,-6.690047401394131,[NH3]Cc1ccc2ccccc2c1.[Cl]
267.8366286379358,250.3895026452975,18.198402683233898,45.03730311921431,9.13203091579678,25.0,401.0882046156319,599.0473494174116,11.538741474174678,5.042037678923933,-0.3107351984804332,-0.27892609739175145,-0.03181067111574498,5.439593447224925,0.9204365229029923,-6.692741474174677,[NH3]Cc1ccc2c(c1)cccc2.[Cl]
259.5494550063624,243.1058749379501,18.32012459667396,41.78163536097082,9.059166682684877,24.000000000000004,387.97089487477814,581.4480982249796,11.572026706405422,5.227415546522764,-0.31757807728696125,-0.28902818575076683,-0.02854989153619446,4.643257906066998,0.9959595796339051,-6.726026706405421,[NH3]Cc1cnc2ccccc2c1.[Cl]
286.44031820159347,273.7077316367916,18.385470990064796,45.38235517966482,9.455008163412215,27.999999999999996,418.72489997424464,638.6330989262688,11.547905564374568,4.957428776149855,-0.3126649451812836,-0.276015093423587,-0.03686102677100313,5.2847487137636335,0.8882039498846853,-6.701905564374569,[NH3][C@H](C)c1ccc2c(c1)cccc2.[Cl]
285.4600498590803,273.0133887339304,18.37885732823661,45.00478690067494,9.452492532942298,27.999999999999993,418.84410636111306,638.8531060736804,11.549425850129271,4.9525499996494915,-0.31276300030238535,-0.27557631214954337,-0.037067541027437055,5.275784707105805,0.8863996091327377,-6.703425850129273,[NH3][C@@H](C)c1ccc2c(c1)cccc2.[Cl]
300.57271740142676,289.05615908224536,19.18771482289404,41.977917661107185,9.1817146527733,26.0,443.16823735440806,675.6576857974335,10.469403479581777,4.972286112178235,-0.2779226846541995,-0.26359140343727455,-0.014406942713293899,11.449747309443575,0.7547971540144011,-5.623403479581778,[NH3]CCc1ccc(c2cccs2)s1.[Cl]
457.3814323601948,457.558824653455,20.959097518213127,44.78419927354188,9.317206865801333,40.0,644.2726781241436,1034.5163430690386,10.025754416489312,5.902266058751684,-0.2834018581903846,-0.27605884980403156,-0.007184804932975032,12.654158255849191,1.1806305387814444,-5.179754416489313,[NH3]CCc1ccc(c2ccc(c3ccc(c4cccs4)s3)s2)s1.[Cl]
266.84577022041776,250.80635367605439,18.336019037657444,44.594767608140494,9.3737828471963,25.000000000000004,396.44862966009185,595.2476134603446,11.569809591426784,5.313813280760791,-0.3080328040725655,-0.2878951916943797,-0.020147630660096238,5.532032056575654,1.0427029193656356,-6.723809591426784,[NH3]Cc1cccc2ccccc12.[Cl]
259.6665318148959,244.3820391564705,18.17650017757356,44.01807476322838,9.162285399073486,22.000000000000007,388.8592816971341,578.9255872438188,11.781753196774655,4.230030585481278,-0.3178358037804381,-0.2597815846399883,-0.058041064941963136,5.560395726892031,0.664988890225622,-6.9357531967746535,[NH3]CCc1ccc(Br)cc1.[Cl]
286.02003719052834,274.6037387187147,19.270965811124093,42.66798607933032,9.194931157262783,24.999999999999996,426.25729728151526,648.4219492447954,11.602211189002256,5.537431879182069,-0.3141019752014186,-0.29293973255776123,-0.021282141235591846,4.213463530603248,1.1435297237306914,-6.756211189002255,[NH3]Cc1ccc2cccc(Br)c2c1.[Cl]
282.8705204500952,273.10367262900064,19.500566171733862,45.617400585726664,9.47159438876319,25.000000000000004,418.6962570893485,640.2980237074944,11.693225864962638,5.625754436685075,-0.31544915080931135,-0.2966681283016215,-0.01964185535345996,4.3284308691944435,1.1997521817207855,-6.84722586496264,[NH3]Cc1ccc2ccccc2c1Br.[Cl]
265.69483104563966,241.23986420819952,17.174201863404594,43.350441755969655,8.756757929362381,22.0,400.3465877054173,582.0872743362543,10.052261908795202,4.285868403614237,-0.25417816785043434,-0.24777133434233942,-0.007375824087108157,15.43564786127785,0.46750214564750514,-5.206261908795201,[NH3]CCc1ccc(Cl)cc1.[Cl]
259.0724599391204,241.64430151567964,17.468292413810026,47.87181228811975,9.325316531864326,25.0,378.23696017447145,565.3958637870517,11.686237316397957,3.244140185417753,-0.3113484206017943,-0.22877504646764607,-0.08297077876679038,5.445350521808752,0.41200050524638004,-6.840237316397956,[NH3]CCCc1ccccc1.[Cl]
238.10322639589685,219.93704395965392,18.14719920500241,44.17210752249209,9.00383528924982,19.0,367.6172176373328,535.4858683923627,11.882929677697959,4.617579312486342,-0.3187285806534784,-0.2728190537689856,-0.04590952688449282,5.654799027573747,0.7977862977742596,-7.03692967769796,[NH3]Cc1ccc(Br)cc1.[Cl]
294.75316421266473,291.3928058548309,19.503562941202027,47.15326331053425,9.247688785216573,25.999999999999996,419.9370933827205,657.8755986327018,11.413179278224021,4.824670119391258,-0.32747793295401373,-0.27230916108673986,-0.05516274142566338,5.803344866464345,0.8133012807262169,-6.567179278224022,CSCc1cc(C[NH3])ccc1Br.[Cl]
240.06488006067602,221.72495016436187,17.15779777627537,42.78053179009509,9.110707592218498,22.0,362.8500477233425,536.573740267029,11.871528075176023,3.6878012887589877,-0.3131808931318322,-0.24592797370986885,-0.06725291942196335,5.741728066821206,0.5330905358128787,-7.025528075176022,[NH3]CCc1ccc(F)cc1.[Cl]
260.5756414484819,242.7653402869138,18.134551731513348,43.64135010679314,9.050987567365468,24.000000000000004,398.14230622231474,589.9413467594402,11.65219644296219,4.996339821662474,-0.31803940546154336,-0.27694016922476317,-0.04139801414436324,5.039809355512966,0.9124098261200024,-6.806196442962189,[NH3]Nc1ccc2ccccc2c1.[Cl]
294.7994828569733,286.6213608368452,20.11062139243758,45.73853947798252,9.233596377633477,25.0,429.2594089706919,661.4578812403332,11.647368533904523,5.3808588460701055,-0.3178664534102187,-0.2870618573679146,-0.030292571301098,4.385859613844823,1.0766681279015435,-6.801368533904521,[NH3]Cc1cc(I)c2ccccc2c1.[Cl]
284.7636129400571,262.4362609687807,17.469891000575835,46.346548688758055,8.656554206323598,25.0,420.91379921439085,624.2722076096444,10.444338855056937,4.726501295013122,-0.272727699121442,-0.2604338795914044,-0.012661722144096393,11.760356460638972,0.6594853686506303,-5.598338855056937,CCc1ccc(C[NH3])cc1Cl.[Cl]
237.38508527526758,218.39578826551147,17.06123727429896,41.22100909609798,9.072409355195438,21.999999999999993,358.2962660653116,523.0976871476413,11.788947791543844,3.5084560965999283,-0.3117324947323992,-0.24002135967111418,-0.07174975294721381,5.468005718134491,0.4776238082140052,-6.942947791543847,[NH3]CCc1ccccc1.[Cl]
279.2535939872351,267.0671505366542,18.178795976399236,39.30422370043076,9.232600326415941,26.999999999999996,413.1903664397627,632.7027532546525,11.410880055910267,5.989583581380799,-0.3183804121178212,-0.3089920143783614,-0.010017986039816566,5.331630510962711,1.3792618002700232,-6.564880055910267,[NH3]C[C]1[CH][CH][CH][CH][CH][CH][C](F)/C=C\1.[Cl]
492.92412686144115,502.13830009999714,21.162408410006666,49.82209276531296,9.342740745016497,46.000000000000014,672.2862957964963,1107.1933426537632,9.951590657444472,5.740549288133897,-0.2817038661758612,-0.2704445817948317,-0.011681559156670282,11.677592447104386,1.0699209850218137,-5.105590657444472,[NH3]CCc1ccc(c2cc(C)c(c3ccc(c4c(C)ccs4)s3)s2)s1.[Cl]
526.173,538.725,21.78,51.127,9.314,48.0,712.582,1196.942,10.056,6.158,-0.29,-0.285,-0.005,16.624,1.364,-5.21,[NH3]CCc1ccc(c2cc(C)c(c3c(C#N)c(C#N)c(c4c(C)ccs4)s3)s2)s1.[Cl]
257.3580611744792,236.6826999346902,17.356305453128922,44.414045199297526,9.03271840473469,24.0,387.0769306158446,570.6488548541059,11.542990094914144,3.94687118410026,-0.3113912383120942,-0.2479835668173649,-0.06340767149472933,5.588031374419084,0.5569263666518971,-6.696990094914145,[NH3]Cc1ccc2c(c1)CCO2.[Cl]
277.07207698735647,265.5711694004161,19.53390334602565,41.876402599754144,9.186259376325339,23.000000000000004,412.4358071203759,623.1876105619915,11.718743568123612,4.875103823632276,-0.3253009213499615,-0.27228610451896906,-0.052962786304850865,6.00185354759228,0.8721957917190758,-6.872743568123613,[NH3]Cc1cccc(/C=C/I)c1.[Cl]
288.960871031902,271.015010744623,18.449357562524586,46.4551374544912,8.775446112948032,25.0,432.2036349393031,647.5240145090363,10.54478065039975,5.3927488396918095,-0.2847898140976086,-0.27545459591399535,-0.009319131326794025,10.754681398914634,0.9475822191187678,-5.69878065039975,[NH3]Cc1cc(Cl)c2ccccc2c1.[Cl]
228.4623949734852,207.72846358300313,17.138708658555203,40.24665040031186,8.937944429907864,19.0,354.5034467917003,507.66146645273994,10.938399198795748,4.02319095755895,-0.2791094268853588,-0.25309648528094014,-0.025977637935548817,9.800442089504635,0.50554832817947,-6.092399198795746,[NH3]CCc1cccs1.[Cl]
285.29373515830093,272.3489867312635,18.41058180714263,44.689180916635706,9.112198391730592,28.000000000000007,418.7791507574436,637.7474458585118,11.420211441248078,4.803052292210731,-0.3109725002247752,-0.26823361583635136,-0.04233776757859234,5.126904946951197,0.8066528988757943,-6.574211441248079,Cc1cccc2cc(C[NH3])ccc12.[Cl]
264.33953826110826,251.42365244192717,19.118285090626305,44.70688159901934,9.46292804875874,22.999999999999996,397.8216022682982,599.8278722664099,11.792592377137517,6.160677110903543,-0.3244836161030273,-0.3094413106061807,-0.015148511394330925,4.298133781094204,1.5157785514085658,-6.946592377137515,[NH3]Sc1ccc2ccccc2c1.[Cl]
271.978,251.832,17.941,46.026,8.557,24.0,420.512,620.209,9.496,3.524,-0.253,-0.209,-0.044,10.618,0.232,-4.65,[B](#C/C=C/c1ccc(C[NH3])cc1)Cl
283.8107273953742,256.7783312637779,17.979721547965735,43.98845953431123,9.075454807205535,23.999999999999996,443.61200312348205,643.5697763465074,11.49813014532487,5.713413918818624,-0.30992960590613616,-0.29647936053410495,-0.013450245372031206,5.947110677262254,1.222139085257165,-6.65213014532487,[NH3]C#Cc1ccc2ccccc2c1.[Cl]
253.43279900193332,236.56115552117072,18.157031006072113,45.1307208893915,8.602080124794151,23.0,387.0000663671234,576.3486440660201,11.797990376312598,5.267117771405014,-0.31930393146019037,-0.285765173756009,-0.03353875770418133,4.708684699979759,1.0417033823090311,-6.951990376312598,[NH3]Oc1ccc2ccccc2c1.[Cl]
216.7282261852832,194.1812252146591,16.8416604247292,41.15529787983061,8.980680961770583,19.000000000000004,337.59348333889164,480.68905051440424,11.857503850025719,3.9657253158984824,-0.31105914416281993,-0.2550841160969706,-0.05597502806584931,5.469544972391121,0.6002888391399086,-7.01150385002572,[NH3]Cc1ccccc1.[Cl]
312.72502825370714,293.7400564942599,18.3639158220885,44.480973810720634,8.687785743672281,28.0,467.783680894051,701.9924750364623,10.707541444516327,6.055256209390417,-0.3114889090786086,-0.30299685581987534,-0.008020037558938375,4.9104781385408165,1.343568349598711,-5.861541444516327,[CH2]S/C=C/[CH]c1ccc(C[NH3])cc1.[Cl]
305.49802936016494,292.2287940233468,19.25261855781332,45.193315593980174,9.108947638483016,26.0,447.5027566955259,678.219996492155,11.571083687573044,5.127490583048247,-0.31629146055568874,-0.2782755929011592,-0.03796918972106002,5.614782086399513,0.9523569968175407,-6.7250836875730435,Cc1cc(C[NH3])ccc1/C=C/I.[Cl]
402.5581250282412,369.14722522599834,16.107275851723138,34.260412049093944,8.26590044460027,41.99999999999999,561.4009644038233,841.6250534223796,11.416668527846898,0.36151301200962277,-0.30735547266057406,-0.12683326620939314,-0.1805049672514936,5.711407038767282,0.049136301349357245,-6.570668527846899,[NH3]CCCCCCCCCCCC.[Cl]
268.73591390142536,252.63707812731238,18.291059044303363,43.17781101593681,9.111803235685374,25.0,402.84158092083396,608.9748741273186,11.645098482792552,5.251909215578448,-0.3114727052876729,-0.2872485351180418,-0.02421096230511948,4.757478687787599,1.0148169528973898,-6.799098482792553,[NH3]Cc1ccc2ccccc2c1F.[Cl]
284.88902463500125,273.10016824297406,18.336431563431603,45.560287938462096,9.285027009579276,27.0,422.05685096770156,646.5749647847493,11.53362671515835,5.622929276202393,-0.3105047886373368,-0.29990940396252663,-0.010595384674810063,5.021532093184102,1.1835480447383522,-6.687626715158351,Bc1cc2ccccc2cc1C[NH3].[Cl]
234.5543208681203,217.2143855837037,17.214202653814468,41.40258731472192,9.295489897624707,22.000000000000004,353.2486068314395,518.54737696726,11.862353099706299,3.7416363125081116,-0.3142416344790324,-0.2471073552834383,-0.06713427919559403,5.163049563846797,0.5382313066186911,-7.016353099706299,[NH3][C@@H](C)c1ccccc1.[Cl]
235.57701555186995,217.4301565875076,17.128322695678584,39.7401859709983,9.297524962128838,22.0,355.9926827607128,521.009834122011,11.85859953190196,3.8933811085067034,-0.31201287929786287,-0.25272589986845795,-0.06001509192601766,5.341929185862704,0.5807348987532263,-7.012599531901959,[NH3][C@H](C)c1ccccc1.[Cl]
264.9542858400391,249.6164701067005,17.94535042826082,42.57496224825748,9.032065072656941,24.0,402.9721246773561,604.5522411541742,11.298176206340493,4.663690245298004,-0.30672154178798083,-0.2661235670482964,-0.04064466731726199,5.762050247595555,0.7482558815661102,-6.452176206340493,[NH3]Cc1ccc2cbccc2c1.[Cl]
303.64343329897684,291.56132731193935,19.703583288621136,44.99647597163011,9.317370253964745,25.999999999999996,436.5702837097985,670.395748961104,11.687146328290437,4.39777671318017,-0.32445330988892035,-0.25567229735473473,-0.06874539408527966,5.577917272379294,0.702243941734776,-6.841146328290435,[NH3]Cc1cccc(C/C=C/I)c1.[Cl]
366.83726907628176,360.1728613142351,19.719631123452775,47.04180323611349,9.215666828464203,37.0,522.1900777018318,827.527540229525,11.040719838549366,5.497568633352842,-0.3108084897112161,-0.28204298055979526,-0.028744036117126615,5.349180163790248,1.0601600782655678,-6.194719838549367,[NH3]CCOc1c2ccc3cccc4ccc(c2c34)cc1.[Cl]
264.5827425378731,249.3916417266809,18.277589409451107,45.727860953115396,9.106134700176264,24.000000000000004,397.85042330478547,600.5633987352128,11.630258769347803,6.135325775605528,-0.32171381330111376,-0.3138076129814968,-0.00790620031961701,4.202261748260758,1.4849155381437913,-6.784258769347802,[NH3]Bc1ccc2ccccc2c1.[Cl]
520.4488007136708,540.9728802673333,21.790613358560936,51.94034984197213,9.347869395955062,50.0,701.1816136856618,1176.4218996977525,9.751498117126939,5.856234262172557,-0.2786814277453814,-0.273696104853337,-0.004999999999999999,14.972598047774182,1.1239290252499183,-4.90549811712694,[NH3]CCc1ccc(c2cc(C)c(c3ccc(c4c(C)ccs4)c4nsnc34)s2)s1.[Cl]
299.416,281.845,19.333,45.759,9.234,27.0,406.821,640.602,9.881,4.194,-0.259,-0.239,-0.02,4.523,0.422,-5.035,C1[SH][C]1Cc1cccc(C[NH3])c1.[Cl]
209.60928517247402,185.68111294402527,16.905031453857873,38.47982271520225,8.740448459789476,15.999999999999998,332.2449631409562,465.4828098186051,11.275562766635574,4.439920689171048,-0.2917093109689001,-0.268167382366386,-0.023738473574508978,8.358576509895325,0.6701805392180142,-6.429562766635575,[NH3]Cc1cccs1.[Cl]
275.1124624416841,259.93783086362225,18.336665417533794,46.346464595095696,8.81055853278395,26.0,408.74738672893847,618.7742465727974,11.134184774315418,4.799824649292374,-0.30209642025706585,-0.266938684458918,-0.034641407691664086,7.1404203789335865,0.7715049048731287,-6.288184774315419,[NH3]Cc1ccc2c(O)cccc2c1.[Cl]
302.3185942221481,272.34204496419375,15.709736832013112,34.547686473693155,8.288774399542925,30.0,434.4393223531007,634.3477090709939,11.626689363461288,0.30106755804384217,-0.30799305461217014,-0.12648982266097342,-0.18144756715565008,5.65217344162817,0.05507799340058677,-6.780689363461286,[NH3]CCCCCCCC.[Cl]
276.7914989760038,257.00520506417587,18.002053248368878,42.52380706779849,7.763954537265993,25.0,422.1518031649049,628.1124643077775,11.478354804521542,4.888537201211512,-0.3152236399254761,-0.2714472274270169,-0.043707599533667645,5.1988078527859205,0.8523077082083609,-6.632354804521541,C#C/C=C/c1cccc(C[NH3])c1.[Cl]
277.92248900007326,262.7562627258979,18.17957911926754,47.33342365750733,9.294240009741273,25.999999999999996,416.0169693681172,627.2656325375392,11.190809453863231,5.25072577631281,-0.30604710819355274,-0.2832685106868422,-0.022546528740840517,5.858363090983517,0.9690365225417362,-6.344809453863231,[NH3]C/C/1=C/C=C/[CH]/C=C\[B]/C=C1.[Cl]
280.0311225641335,256.3163852249905,17.505213054873476,44.07033048585106,8.517071780708694,26.0,413.5655224725595,613.0322597688958,11.582887921631942,4.151930742341093,-0.3099594044190717,-0.2504216926001861,-0.059072658709243844,5.394071775526266,0.6176349622887987,-6.736887921631943,C=CCc1ccc(C[NH3])cc1.[Cl]
251.92004782217404,230.93395522329843,17.436474473806545,42.493633240690244,8.43408625060291,22.999999999999996,382.8056443276855,560.3098171299547,11.626702982587545,4.70572223510497,-0.3109968442804406,-0.27041646213814746,-0.04058038214229317,5.3759729867919335,0.8005644821809728,-6.780702982587545,C=Cc1ccc(C[NH3])cc1.[Cl]
251.8552825911064,230.45951897551933,17.375844929592727,42.657745492289365,8.431271344077304,23.0,384.85875251774723,562.0883232568991,11.630842416227932,4.768251600377894,-0.3108981428517941,-0.27258871662058043,-0.03849580375920044,5.476408126493711,0.8262655586728525,-6.784842416227931,[NH3]Cc1ccc(C=C)cc1.[Cl]
266.6127566358816,245.37143126086386,17.64258755760749,44.2890562627529,8.075197856976779,24.000000000000007,400.7700875032881,595.0884854932657,11.592534926276763,4.287916505202373,-0.31037967459400634,-0.25671817430214133,-0.05392143048614949,5.197086181272798,0.6554554920610073,-6.7465349262767615,C#Cc1cc(C[NH3])ccc1C.[Cl]
250.81520357216365,228.11111758978373,17.0563161042378,43.9380668219771,9.035227397141833,22.999999999999996,380.1243218171139,553.3845206912675,11.66696331765688,3.975828454995379,-0.3087868179512979,-0.24971292504101741,-0.059073892910280555,5.55259385651099,0.58030514259433,-6.8209633176568785,[NH3]Cc1ccc2c(c1)CC2.[Cl]
275.8601691050163,254.9635737960444,17.5338641708923,42.1700695146907,8.852585602046991,26.000000000000004,409.15558092825603,608.4678810054385,11.504895851812346,4.457791311917591,-0.30945586410913356,-0.26159785068230756,-0.04850695207501481,5.455097402060593,0.7020067238589138,-6.658895851812344,Cc1ccccc1/C=C/C[NH3].[Cl]
256.5373709008475,232.01049187295772,17.293984143533383,41.69108423447415,8.835148870821774,23.0,389.1373397832992,567.015797700116,11.595044516363926,4.658996412428174,-0.3092606291869632,-0.27019292252078503,-0.039040354610023656,5.502657198263372,0.7832251997992046,-6.749044516363929,[NH3]C/C=C/c1ccccc1.[Cl]
274.09181152722994,253.5822533181872,17.725377665894957,43.9910205319339,8.976246601591287,25.000000000000004,419.73274785548875,621.7550051004483,11.692441918717341,6.056559167742718,-0.3213503303768449,-0.3125657053413159,-0.00872867909231393,5.791694687108565,1.4398671398835219,-6.84644191871734,[NH3]Cc1ccc(/C=C/C=O)cc1.[Cl]
276.7976330225985,254.57753757869352,17.44200895325747,44.180794835737075,8.449571301866555,26.0,413.81636734383295,611.0556090029565,11.440101302555115,4.553989436187185,-0.31005571752725164,-0.2608590373514599,-0.04861389346932079,5.2172480271355655,0.7206834178616308,-6.5941013025551145,C/C=C/c1ccc(C[NH3])cc1.[Cl]
269.8780488901236,251.8924866824715,16.115170567779334,37.34713140460292,9.052692259848678,27.999999999999996,389.2510425560393,576.6926359635179,11.724048366640801,0.2673219237535475,-0.307709684396765,-0.12463822469265229,-0.18306856688743736,5.651273823748426,0.05781769994416665,-6.878048366640806,[NH3]CCC1CCCCC1.[Cl]
279.5318362934528,257.8258797341672,17.826024056264107,43.81493732154574,7.695758392321741,24.999999999999996,429.306628960315,634.108579075278,11.444485068870977,5.1142802706407045,-0.3124121365702316,-0.2779529015716634,-0.03419292669476933,5.2599162479482855,0.9312613705156797,-6.598485068870977,C#C/C=C/c1ccc(C[NH3])cc1.[Cl]
275.5117652466554,246.48577004969357,15.5061182928593,33.99217517218232,8.274503057042649,27.0,402.79444613912875,582.368906291099,11.707296895107698,0.25205919524411663,-0.30784089613744386,-0.12542693915172595,-0.18243231561093703,5.663509063731546,0.05635080854540277,-6.861296895107699,CCCCCCC[NH3].[Cl]
285.6978939173525,280.77998409344707,19.238413190658335,44.531132628533896,9.496082550170152,26.999999999999996,420.05625479703144,645.1316256185588,11.718933150641679,5.159860075353504,-0.3239289583875861,-0.27673413510574824,-0.04685555984360913,4.723160175404902,0.9883465813826704,-6.872933150641679,[NH3][C@@H](P)c1ccc2ccccc2c1.[Cl]
259.8173860563105,240.97420621848462,16.48082774888588,42.05270368884412,9.176102846303172,26.0,377.31911087706953,557.700000671262,11.648134978792552,2.564962679943528,-0.30906385221535726,-0.21832412450983382,-0.09073972770552348,5.614575873129892,0.2850306526101471,-6.802134978792551,[NH3]CCC1=CCCCC1.[Cl]
232.42061368491647,206.35673575198808,15.559607572497164,42.35698599952233,8.4022202721351,22.0,343.81296193968114,495.57550798551733,11.854744626296675,-0.2249779136309108,-0.30548018142339906,-0.09925990928830047,-0.20596036284679814,5.581473871171043,0.03922027213509859,-7.008744626296677,COCCCC[NH3].[Cl]
342.098364751591,327.51286706793894,18.85487981121046,45.38691174552379,9.123646347412919,31.999999999999996,484.85080212211767,751.297985837876,11.37701415014484,5.072796569665548,-0.309608711507298,-0.2705993437303034,-0.03893724264728641,6.134443472861371,0.9108055196823941,-6.53101415014484,CCc1cc(C[NH3])ccc1/C=C/CBr.[Cl]
252.64358296813836,223.0466857400877,15.331868773122313,34.43571977669747,8.289528150746913,24.0,372.92610584194637,531.9315968645454,11.765649235471114,0.2483131039297773,-0.3078892512613237,-0.12597226409145765,-0.18199439736486553,5.6737750918697,0.05867617180629717,-6.919649235471117,[NH3]CCCCCC.[Cl]
244.4721840200611,226.98185779827827,15.970282594340063,38.56094571080039,9.0514624064396,25.000000000000004,357.9522762963087,525.0749308301124,11.795670528085477,0.27739739337754105,-0.30799785978132105,-0.12474892578574133,-0.1832489339955797,5.596220785310989,0.06140695230785135,-6.949670528085477,[NH3]CC1CCCCC1.[Cl]
280.44597425117354,261.91629044259184,17.87571575696657,43.96887770945971,9.131383461095451,26.0,412.5429360462954,619.7675814276124,11.241824780922252,6.508683829581074,-0.32752793481169906,-0.3216618090297619,-0.005858381542797959,4.411812310635138,1.7272482037149333,-6.395824780922254,[NH3]CC1=C[B]2=CC=C[C@H]2C=C[CH]1.[Cl]
250.9863128289644,236.32405451285973,17.458532289513084,46.089682165901216,9.22786170008721,22.0,376.7299084801962,583.4588212889207,12.332300914186046,4.885345360879361,-0.32377032678415696,-0.2896890196475291,-0.03408130713662787,6.485569149956395,0.95057921612282,-7.486300914186046,[NH3]CCc1c(F)c(F)c(F)c(F)c1F.[Cl]
241.09702563796338,225.76465899958424,18.133747550349213,44.558578772487465,9.446078974481464,22.0,372.0887774816322,548.5981282806509,11.820928005737134,5.667338717504689,-0.3148633048467073,-0.30154678061317053,-0.013316524233536804,5.359202648659073,1.2364535325406676,-6.974928005737134,[NH3]c1cccc2ccccc12.[Cl]
281.81297256387677,257.3900640790337,17.660288684477077,43.47318580239357,8.22650077921039,25.0,428.6727038850405,631.7089109044742,11.11523565431329,4.609274015029976,-0.30366081771297115,-0.2645103516193292,-0.03874053886584759,6.474733818524954,0.7069234478822375,-6.269235654313288,[NH3]Cc1ccc(/C=C/2\C=C2)cc1.[Cl]
201.21659064043956,181.24749696718908,15.057788356373356,36.25400457857315,8.600764910154389,18.999999999999996,311.49994247482897,440.4227816596517,11.951280767035856,-0.11726826844953551,-0.31134940797451116,-0.11072907870477475,-0.19970226815968528,5.314971344483342,0.04759349436349769,-7.105280767035857,COCCC[NH3].[Cl]
270.7902166523428,253.4072142612662,17.694667780514138,43.091578109602,8.627120597027366,26.000000000000004,400.15288307725024,599.8480416766496,11.553923549593481,4.487570404304572,-0.31085454342983815,-0.25971122550191716,-0.05081623205124064,5.189433251021543,0.713220559797308,-6.707923549593482,C=Cc1ccc(C[NH3])cc1C.[Cl]
280.4019589305969,262.8621094139519,18.66261151476352,43.8972548590938,9.061242400601365,23.0,421.8039093046839,628.6155800215605,11.171203191624246,6.52271761188605,-0.3245250286034339,-0.3176374101742929,-0.006834409614992464,5.0424495105922125,1.7236914673733092,-6.325203191624249,[NH3]Cc1ccc(/C=N\[C][P])cc1.[Cl]
282.966,271.507,18.994,45.143,9.435,25.0,431.052,647.171,11.492,6.481,-0.322,-0.316,-0.007,4.174,1.71,-6.646,[NH3]/P=C/c1ccc2ccccc2c1.[Cl]
215.34459829505886,184.7165898680338,14.982724114353005,35.409561232335605,8.243289833008427,19.0,326.3228712168046,457.75693991959525,11.924396086924366,0.16266635455462589,-0.309,-0.12099999999999998,-0.188,5.240980434621832,0.061,-7.078396086924366,CCOCC[NH3].[Cl]
222.4446466030721,199.47220565526533,16.171319171674615,39.25250156371678,8.56765450714774,19.000000000000004,334.2998713211539,478.5157091187448,11.580384900261466,3.3112388585180947,-0.30835849173627405,-0.22704661286810737,-0.08126855092503499,5.278317756429933,0.4098524463220329,-6.734384900261465,CCSCC[NH3].[Cl]
311.3078472810262,300.747144822644,18.931271954491795,46.32279718171174,9.09990572986128,29.000000000000004,454.34159056611185,696.936395869961,10.743756697873572,4.953773333807611,-0.29119358522951355,-0.2688741243227251,-0.02235353143509595,10.692090627645937,0.7814276699060169,-5.897756697873574,[NH3]CCc1ccc2ccc(S)cc2c1.[Cl]
258.98004486603577,239.67119560966185,17.554609862694093,43.17285997596002,8.371697823362283,24.000000000000004,395.0977001550567,583.7840222739575,11.453223158950891,4.454609835217032,-0.3116988367740283,-0.2611240192854549,-0.05055890753526595,5.451583204573165,0.6973976705345761,-6.607223158950893,[NH3]Cc1cccc(/C=C/O)c1.[Cl]
245.5897655492461,227.11404704937905,17.97386535840236,44.546461145223084,9.388366640646879,22.0,379.91641468635584,556.0926387910827,11.725734362457432,5.524489837098593,-0.3111934240803344,-0.2979761019877253,-0.013133108569167525,5.5282277036376986,1.153016618752373,-6.879734362457433,[NH3]c1ccc2ccccc2c1.[Cl]
270.63894201456407,253.6679921424004,17.706585029195296,43.39742626885831,8.82371637124169,26.000000000000004,400.6453104272779,599.688794494428,11.56637598366473,4.407357910013159,-0.3110794739953452,-0.2588753922750424,-0.052139744969181445,5.322365324846778,0.6948629481224264,-6.720375983664727,C=Cc1cc(C[NH3])ccc1C.[Cl]
222.60744172752388,197.6425689241141,15.11665392470354,35.19956736715867,8.846430622462265,20.999999999999996,335.72324234681906,475.0933191273418,11.926962103230386,0.20466183114748393,-0.307483629974856,-0.12449272849706566,-0.18327997342584945,5.684102486878779,0.06356271232133175,-7.080962103230384,CC(C)CC[NH3].[Cl]
195.23041076980792,169.25203909946129,15.506740697671624,38.377346575454716,8.799982072278844,16.000000000000004,309.36663639754596,429.5925641220117,12.165909013449289,2.132033614667694,-0.31875288149079684,-0.21640935171941802,-0.10205435540419082,6.108686355715107,0.26481388772328257,-7.319909013449286,N#CCCC[NH3].[Cl]
221.58981498550548,203.8425062867191,15.658546845283414,38.299571490000815,9.37786983534084,22.000000000000004,330.2058431193092,476.45528565548085,11.921128631476405,0.21347822886533707,-0.30844684939465117,-0.11931649492062012,-0.1891303544740311,5.5911167443759435,0.06389256677174271,-7.075128631476406,[NH3]C1CCCCC1.[Cl]
191.59895793798168,160.97800164530992,14.375399912649746,33.923705250072956,7.86829840921153,15.999999999999996,303.23514881074664,412.7333183979708,11.96299211308681,0.20117047699467377,-0.3087989797144195,-0.12330095532154464,-0.18549802439287483,5.375042869946811,0.06460036913755873,-7.116992113086814,COCC[NH3].[Cl]
236.53568371361936,215.07697672913932,15.990766397361833,35.280952246996534,9.014944204301411,21.000000000000004,355.42739744542365,513.1755500323632,11.224172102534995,1.9383836428657892,-0.28756836338820746,-0.15939920582929815,-0.12820905421936296,8.453746722877709,0.1641119554953187,-6.378172102534999,[NH3]CCCCCCl.[Cl]
221.79526302666605,197.42013164585524,15.181003019773406,36.775997630386755,8.378940232184412,20.999999999999996,333.03426062802794,472.80580863784314,11.949165997614749,0.14514477596545802,-0.3081017825770539,-0.11953184695460793,-0.18845486123586572,5.663949371022361,0.06122313375381555,-7.103165997614748,CCC[C@@H](C)[NH3].[Cl]
272.9509272351248,250.72724548435912,17.886266457591727,43.92851880485638,7.747810403963366,23.99999999999999,422.97832071689436,623.090104226433,11.602923818488481,4.987584424767097,-0.3197376254855764,-0.27534413711665934,-0.04461779062194207,4.928129788691871,0.9053280915612762,-6.756923818488483,C#C/C=C/c1cccc(N[NH3])c1.[Cl]
312.67448596392285,296.1573724833664,18.324922424541892,45.62986654872953,8.813822983308043,29.000000000000007,451.9254116062024,691.2828427058545,11.481223785134187,4.7571357345837395,-0.3119472730875501,-0.2639346599230238,-0.04801144732001911,5.536004144325823,0.7981146117465164,-6.635223785134187,C/C=C/c1cc(C[NH3])ccc1CCl.[Cl]
203.385332264757,174.6700636316834,14.68471876567057,34.23965201161248,8.280332627926105,17.999999999999996,314.3316661029759,432.19198933656753,11.956822592539813,0.18140615281973213,-0.30764523761008455,-0.12548994382690667,-0.182260231282631,5.703552611460174,0.06361926619862014,-7.110822592539814,CCCC[NH3].[Cl]
199.1161854041541,175.59227787916856,15.770649585987927,40.40725606559871,8.76839511051992,16.000000000000004,310.3393205304179,432.7163443753809,11.626850698033893,3.328064575393398,-0.3090797284202417,-0.22977933900764752,-0.07932052718688958,5.385533185829388,0.4187308965670371,-6.780850698033893,[NH3]CCSC.[Cl]
197.17178832558233,175.2551967174585,15.850206326878844,39.27979519438936,8.793791181953015,15.999999999999998,306.50210950685624,428.9822221266337,11.606611623270402,3.239262392066837,-0.3085695792661462,-0.22631197243836987,-0.08252750703083332,5.5751805445555656,0.3976258858591225,-6.760611623270402,CSCC[NH3].[Cl]
258.37226087275,247.71723129955612,17.50208596855329,48.16138455733082,9.436543154492762,25.0,382.56887620528124,579.5782484820924,11.238651690742028,5.47129132873938,-0.31480378856879054,-0.30134460885950953,-0.01327004829358604,5.187499645353846,1.077900855828461,-6.392651690742028,[NH3]C[C]1C=C[C]2[CH][C]1CCB2.[Cl]
305.9614687319144,280.64740164620565,17.452008132072383,44.28914428497036,8.532245421719919,29.0,447.49194390104765,666.3112101104147,11.40964042758208,4.224524958866736,-0.30876892770455194,-0.2519718755272593,-0.05654238771021164,5.5548138549774,0.6194595223548711,-6.563640427582081,C/C=C/Cc1ccc(C[NH3])cc1.[Cl]
238.21828182769826,217.37644531989162,16.870781212033993,44.43932805917259,9.115588801817392,22.0,365.23348997130313,529.0091790312581,11.868608113663665,4.391291454537056,-0.31053673942241056,-0.2678401619187961,-0.042667860620578195,5.6358189583980405,0.721139168204352,-7.022608113663665,Cc1ccc([NH3])c(C)c1.[Cl]
206.76514216124545,182.43283384938934,15.12240769036414,38.640344006696786,8.523069869791474,18.999999999999996,315.9303118700335,444.98718849628506,11.906439411192283,-0.25015047054246703,-0.30465968948878763,-0.10343521950065612,-0.2012421840519445,6.1143596775541615,0.03986026918303594,-7.060439411192283,[NH3]CCCCO.[Cl]
276.0125521546497,260.32574399453637,16.493046272363557,38.262471685338795,8.207103530445588,27.999999999999996,404.3506667774857,607.5968424415273,11.761625150194602,3.125623248216024,-0.31004127874996784,-0.25205307779446107,-0.05796254296984304,5.514173680221536,0.3919061914188379,-6.915625150194603,[NH3]C[C@@H]1CC[C@@H](C(=O)O)CC1.[Cl]
197.5767777915255,172.7177518504896,14.769252713980968,35.67171916649325,8.82701411351023,18.0,306.16834979934396,424.1523716740628,11.98066781424806,0.18330690856477125,-0.3072141742249985,-0.12467507619693494,-0.18253909802806356,5.751237379528826,0.06484126189639514,-7.134667814248058,[NH3]CC(C)C.[Cl]
274.6665840828318,256.9589276959955,17.712832903104495,45.173713553302974,8.71435033997159,26.0,412.0042246781688,618.3812998522276,11.68366766531643,4.807557456449541,-0.3149790499008468,-0.27200107913502825,-0.04250943847723281,5.4174612296237346,0.8409361513771757,-6.837667665316429,Cc1cc(C[NH3])ccc1/C=C/F.[Cl]
222.171300472332,196.78676700729886,15.113009755266031,36.1711199346149,8.268460138135321,20.0,340.55128327265305,483.6163157230571,11.845512917924168,3.2728144927096974,-0.30859081289163764,-0.27733763009588147,-0.031015022114364053,5.559150543940399,0.4329609430050101,-6.999512917924167,BCCCC[NH3].[Cl]
191.813939977019,162.32982483909754,14.577859410500137,32.59627448981359,8.37629611849732,16.0,302.0962780810696,411.33602666991163,11.993501391470748,0.9886094443839939,-0.30765399019315914,-0.1416313076727029,-0.1654689856177645,5.749805433472052,0.12316588990702111,-7.147501391470745,[NH3]CC1CC1.[Cl]
188.6569775062115,165.89211515311285,16.008556911834248,36.79980504621914,8.83001384798248,14.000000000000002,297.4294788558687,414.1221177441895,11.312777814804383,4.505137921190297,-0.3087986426732078,-0.29528709600476466,-0.014262984107920549,5.872378955064043,0.6947220201704456,-6.466777814804382,[CH]SCC[NH3].[Cl]
226.41576721097746,197.92389853942916,15.080249577312616,35.574477114075435,8.312684250652929,20.000000000000004,344.0495019384724,484.7182911853824,11.758371643033486,3.143556794242562,-0.3068060781763459,-0.2626727350473559,-0.04413334312899003,5.701474218753465,0.39970884776367505,-6.9123716430334845,CBCCC[NH3].[Cl]
209.00019661910434,187.99605940081236,17.281717077127812,37.726218490534144,8.925634438577331,15.000000000000002,322.60496646509245,452.85682396816327,11.991712786760129,3.389559052151305,-0.3189279745793583,-0.24515116182933502,-0.07340885869227588,5.451716987839893,0.4736164896607379,-7.145712786760132,[NH3]CCCI.[Cl]
206.85765387564288,182.13984322736508,15.27922313281043,38.00956982425655,9.189370171556227,19.0,314.40022153390663,441.3350454449252,11.938501218897336,0.025246593280814057,-0.307164300150415,-0.11555478060144148,-0.1916095195489736,5.765058749944612,0.05457540731817357,-7.092501218897336,[NH3]C1CCCC1.[Cl]
178.16814659840762,157.4769700922331,14.64430444470254,33.22234255180447,8.483128085708863,15.999999999999996,284.3141053663897,390.99277403239455,12.173820486388536,0.03622485089009371,-0.3163283875378035,-0.11916218842443195,-0.19707136508771386,5.425966219016164,0.06534115967887177,-7.327820486388537,OCCC[NH3].[Cl]
183.07177346004278,158.83318834524408,14.641955604635813,34.203095656953316,8.598964571919744,16.0,288.0865978841615,396.0527588009025,12.140542403718701,-0.010648007729016324,-0.3139707510216815,-0.11719926137769571,-0.1967714896439857,5.323919767662413,0.06101447760912787,-7.294542403718701,[NH3]CCCO.[Cl]
201.4730570704361,173.78551013604402,14.620250904455517,33.50909866686163,8.121266764837085,17.000000000000007,318.1347539603093,440.6652896407943,11.895746137332754,3.2202186937795076,-0.3082914986401019,-0.27906534429031465,-0.029267673657300507,5.640539847184398,0.42666818879415624,-7.049746137332751,BCCC[NH3].[Cl]
215.92681518150624,195.22152679885045,15.188705834451232,32.89975608439122,8.580936207680503,20.0,328.25540336849605,469.40092631856317,11.915283507915282,4.007914855464023,-0.3089076413018429,-0.2993154055013587,-0.008781383070188544,5.871205889033614,0.6145596678454481,-7.069283507915284,B[C@@H]([NH3])CCC.[Cl]
333.5996023737154,314.37918691461067,18.839219754010117,47.485557273387144,9.390383392161791,29.0,450.20150685778077,702.9556295293056,10.209573152368021,4.014881428080169,-0.2504641115615917,-0.2366159148087546,-0.01289182564418409,14.039198393875528,0.41467201716761437,-5.363573152368023,[NH3]CCC/C=C/C/C=C/CI.[Cl]
207.13293274268352,187.5921210163889,17.2360969670346,39.20014438755155,9.35499487481716,14.999999999999998,319.80423195510934,451.03783553929406,12.09773935724482,4.228053823862426,-0.31735039781970953,-0.2743842935350407,-0.04306619902025283,5.262998752557844,0.6994182396558725,-7.251739357244821,C[C@@H]([NH3])CI.[Cl]
185.80574384026656,154.54980296325132,14.87894542888178,34.717054052599806,7.680362202946588,13.999999999999998,302.8938682078171,408.0084922099799,11.969720174679672,1.733642089246619,-0.3088791781267103,-0.2002807187783929,-0.10841440381950747,5.672817711341163,0.19692766321654193,-7.123720174679673,[NH3]CCC#C.[Cl]
296.7868654052598,274.1484934190152,18.1129648684043,42.85734620363457,8.091226967700663,27.0,443.35994778381536,663.9829384944868,11.072392733173025,4.99611842256805,-0.31244586677478403,-0.2698429623211999,-0.042394131731675964,5.15212199187912,0.8583873892071203,-6.226392733173026,[NH][C]/C=C/[CH]c1cccc(C[NH3])c1.[Cl]
364.3828773017564,343.72743559838085,18.364761451191978,44.17257303173236,8.46826598432874,35.00000000000001,528.5630986245285,811.2897912076332,10.625401798791655,5.50230973858089,-0.3102010663225623,-0.2869345665263326,-0.022603535925410815,5.453380442739737,1.010673145974597,-5.779401798791655,Cc1ccc(C[NH3])cc1[CH]/C=[BH]/C=C=CN.[Cl]
179.9673243111742,150.48520378877924,14.220618951911831,32.420244418883016,8.224027408512404,15.0,286.7535641746751,383.5250287168274,12.031381794679612,0.15923272047612344,-0.30755428190493816,-0.12562849229602085,-0.18180842977861686,5.776893286697218,0.06592175479681592,-7.1853817946796115,CCC[NH3].[Cl]
179.76064558062504,150.27692904999805,14.219742603685853,32.417394187825884,8.218831831177708,14.999999999999998,286.69575445865473,383.48494215454673,12.031586971582454,0.15952037390921378,-0.30755730818945287,-0.1256347692295242,-0.18180644127045714,5.7761999438775735,0.06594539825005503,-7.185586971582455,[NH3]CCC.[Cl]
215.52451889813887,191.7872844439718,15.633401366543753,39.98185170071061,8.905933241924998,18.000000000000007,331.57379590466525,467.50458631794237,10.776991420034504,2.154668270896053,-0.26568515681711113,-0.17442367640371273,-0.09126148041339838,10.611821524008894,0.1525105816881349,-5.930991420034503,[NH3]CCCCCl.[Cl]
277.84307148331027,258.2008727281238,18.060099996796588,44.56447006870732,8.220381246656764,25.0,417.03143514919503,625.2903176270894,11.523924297352425,4.878394234313343,-0.310695214334963,-0.27143651129829316,-0.03907851020318181,5.178450046231637,0.8474463610350091,-6.677924297352423,C#Cc1cc(C[NH3])ccc1C=C.[Cl]
227.42100290095215,210.82502529264863,17.50196685057242,41.30323514716075,8.873496906617785,18.0,342.61899423153625,494.7959345529516,12.052577252960116,4.36491407256065,-0.316997064140166,-0.27490604199373053,-0.04161933598664089,5.2909813769811755,0.7358387089517247,-7.206577252960119,CC[C@@H](I)C[NH3].[Cl]
289.04838800672593,268.0294694960515,17.82344400885167,43.70440906672838,8.300668755342404,27.000000000000007,432.44960125075187,644.3368005043629,11.389418579490087,5.171122840513054,-0.3116024134575513,-0.27928644077222564,-0.03219054284556834,5.360859067832445,0.9581622412301876,-6.5434185794900905,C=C/C=C/c1cccc(C[NH3])c1.[Cl]
281.78249930442627,276.87072422190556,17.461798602814042,44.08975102508656,9.487142906117338,30.0,394.95357680969914,616.811153548773,11.785979399063129,3.8003964641524797,-0.31654186225141084,-0.24001369885133078,-0.07643232136543893,4.805809627596349,0.5446506477197249,-6.939979399063129,C=CCCOC/C=C(\C)/C[NH3].[Cl]
155.12855898615697,123.1607744727437,14.139371065460288,27.045328082062618,8.76666225396973,10.0,270.1785826012219,347.9411162413031,12.27893911467995,4.227857771318732,-0.3177673648948209,-0.3024081832164677,-0.015359181678353234,4.921771539922936,0.7220532886677313,-7.43293911467995,N#CC[NH3].[Cl]
163.20508813530657,130.31079873666485,14.274480832586931,27.61017587298685,7.53508026157676,11.0,280.32104091769753,363.78983092552676,12.063090589835225,2.9451456927149584,-0.3081557949603807,-0.24564314027418666,-0.062376820158477425,5.810477142618143,0.388155820072941,-7.217090589835225,C#CC[NH3].[Cl]
217.3894715486188,198.37083054499243,16.582985214592796,36.78535695886264,8.940090893374116,18.000000000000004,330.9111273416334,473.74972271641616,11.99408328513221,2.7552258002718015,-0.32054395907280403,-0.2144328825477522,-0.10642241295524062,5.073220221019588,0.34658324216268793,-7.148083285132208,[NH3]CCCCBr.[Cl]
220.83,195.611,15.208,35.302,8.263,20.0,335.19,477.982,11.875,3.487,-0.313,-0.278,-0.035,5.352,0.479,-7.029,CCCBC[NH3].[Cl]
292.9648426304736,270.5935135556946,17.556464355534775,44.11753982398945,8.207260001472106,28.0,435.7826539533912,646.5485677959803,11.009099042649236,4.33962777668987,-0.3035281968755153,-0.2529217113347142,-0.05070006848026806,6.64221337624604,0.6083599340621961,-6.16309904264924,Cc1ccc(C[NH3])cc1/C=C/N.[Cl]
214.75580955853087,178.65694981158472,14.928792872189522,29.14951853541631,7.9738612705053376,16.0,349.40796637455344,476.48527803475235,11.75255172612014,4.057714814768815,-0.30592626052312444,-0.29212612846674235,-0.01455290689357726,6.074055088574542,0.6105429888910019,-6.906551726120142,BCC#CC[NH3].[Cl]
190.08581143800683,154.26628786927893,14.568149193914273,28.576923344093203,8.082540857299621,13.999999999999996,315.5537769500056,416.6225699802076,11.860872283456938,2.8341654044788855,-0.30545231197868006,-0.22871387187208042,-0.07673844010659965,6.256281811537268,0.34722061283586825,-7.014872283456938,CC#CC[NH3].[Cl]
231.432,199.214,14.893,31.356,8.141,20.0,352.03,491.599,11.745,3.183,-0.308,-0.267,-0.04,5.497,0.4,-6.899,CCBCC[NH3].[Cl]
290.2427192753944,267.79705168058575,17.65656074553979,44.550350158830845,8.251332479562203,26.999999999999993,438.8772896028247,649.19966177822,11.373326838227527,5.379688158413081,-0.311279888931604,-0.28503041866172246,-0.02624947026988161,5.469539862773905,1.0476682513544293,-6.527326838227527,C=C/C=C/c1ccc(C[NH3])cc1.[Cl]
244.57189605710755,215.12932076598184,15.171200890241234,34.52590941072607,8.8514153949594,23.0,368.14944232262485,521.529592794662,11.577865275274732,0.1865557300764653,-0.30499999999999994,-0.11862750598423331,-0.18637249401576667,6.103475127078429,0.047020047873866586,-6.731865275274732,CC(C)NCC[NH3].[Cl]
203.76146822391365,173.7950887713615,14.60735193312409,30.213149464194714,8.177711675548126,16.999999999999996,319.1588673127243,438.8776368498527,11.992412102888773,4.840995513687741,-0.32001513348155036,-0.31353475652321133,-0.007322086362680985,4.7635032858552995,0.8925660193761293,-7.146412102888773,CCCB[NH3].[Cl]
219.61178927809704,195.03505945826902,16.563188382916795,39.91655936788798,9.06059735237707,19.000000000000004,344.9903942811052,487.3548080662862,11.91322284844512,4.444452315843132,-0.31005086244548274,-0.2747522399926208,-0.03543578689042193,5.678339898960003,0.7439412586201329,-7.067222848445116,Cc1cccc([NH3])c1.[Cl]
176.624105243248,149.469611579027,14.277735791783229,33.551270746259576,8.763775615242952,15.0,280.05074904542397,378.7661915169879,12.083863684648541,0.10174789437846443,-0.30820385967566927,-0.121,-0.1872038596756693,5.6610615752441324,0.065,-7.237863684648543,CC(C)[NH3].[Cl]
206.52896661222772,175.00631860949164,14.589329794561056,30.12857574382467,8.188226512473133,17.0,322.4578992721846,442.1436856225671,11.86305798428033,3.243121398365068,-0.3072501051882522,-0.2712373070305869,-0.03532767290196388,5.592178537358616,0.42605110351116604,-7.017057984280328,CBCC[NH3].[Cl]
216.51036131206985,189.33918911005657,16.22512824707236,44.898903926314226,8.751940277868817,17.000000000000004,335.80662119690066,470.48873816486997,11.346783469264013,4.99632573110338,-0.3122577264578359,-0.30330862122092883,-0.008949105236907052,5.393873528469632,0.8706326215374044,-6.50078346926401,CS[C]CC[NH3].[Cl]
146.118,121.546,14.987,29.635,8.093,10.0,255.26,334.09,10.583,-0.115,-0.256,-0.105,-0.152,4.822,0.007,-5.737,[B](#CC[NH3])Cl
198.84005178266483,172.67621176583464,14.90151101745343,35.41394509388658,8.410335766848702,17.0,308.8215217454834,428.8308709390062,11.937672708115477,3.489576347561551,-0.3119659668747558,-0.2792495762517912,-0.031727734998046,5.418439040642505,0.48707602063989924,-7.091672708115475,CCBC[NH3].[Cl]
157.54776585207549,126.35545296640478,13.581144716815203,28.5689913089236,8.016410129924955,12.0,261.36608686034225,337.456271223968,12.082052677122421,0.1361664255980292,-0.3073047756801126,-0.1273476121599437,-0.1803047756801126,5.804631260143051,0.067,-7.236052677122421,CC[NH3].[Cl]
157.42172562529976,126.72799056279675,13.559355506639687,29.701533907631877,8.012128700869303,12.0,261.34835375179864,337.43582015049765,12.08251160668765,0.1360147651858516,-0.3072932491067146,-0.12735337544664269,-0.1802932491067146,5.8063058830995224,0.067,-7.23651160668765,[NH3]CC.[Cl]
306.5934313786781,284.40139151058895,17.70875273113284,42.40531548049152,8.237536533070509,29.0,459.76683691272075,685.6189418882911,10.906706249803674,4.66971136449432,-0.30586426309054277,-0.2531421688772591,-0.05267254457666405,5.97631119933519,0.6942490531606191,-6.060706249803673,C=C[CH]/C=[NH]/c1ccc(C[NH3])cc1.[Cl]
212.80476330680543,185.5972807780755,15.636545599868418,36.472207609002304,8.795716912156152,18.000000000000004,330.08932448258406,464.22683056167216,11.56644996986226,2.9265313490509017,-0.3055475674598527,-0.2540776316976398,-0.05146993576221287,5.84085811092721,0.33494490015895295,-6.720449969862261,[CH2][B]CCC[NH3].[Cl]
155.8923151893624,125.65598653913091,14.268911143784848,28.5689788155167,8.675998528908996,10.0,270.64708642930145,355.27995719047897,12.167626700997277,3.2129544685741713,-0.31098506803989107,-0.2615820522260492,-0.048731371827138874,5.743316660453395,0.45292519309035484,-7.3216267009972755,[NH3]C[B][O].[Cl]
186.87275263215193,160.62911327390694,14.862565515292832,39.49697026236814,8.869136673279911,16.0,289.2267958146109,398.1463589922188,12.049253089553229,-0.029427645060959635,-0.30934121222178673,-0.11551892066828783,-0.19392657177550598,5.5142865013973035,0.056379053558362376,-7.20325308955323,[NH3]C1CCC1.[Cl]
180.35177621844485,150.88011868366138,14.19207524631562,31.23495874283168,8.007804310868673,14.000000000000002,291.6534862762203,393.47143632025865,12.03175867036274,3.472942003955143,-0.3101945455998772,-0.29430937477665536,-0.015885170823221842,5.3724522829305075,0.4942975848786736,-7.1857586703627385,BCC[NH3].[Cl]
194.8808382701125,168.3181968160415,15.191454794195758,39.19805800132373,8.566168985754137,15.000000000000002,309.0967839350942,423.81177881277,10.800431652596796,2.187192936006061,-0.2657591989635479,-0.1795648745389519,-0.08626433810551278,10.430715910130964,0.1580228856445992,-5.954431652596797,[NH3]CCCCl.[Cl]
180.1408652339597,150.10927214897134,14.217908538276056,31.24855775652665,8.158677079551795,14.0,288.7808425356074,388.4996060311625,12.067928422174257,4.7969944974574465,-0.3203124990425273,-0.3134302863820911,-0.006234614361341915,4.756425535170569,0.8848018484800219,-7.221928422174257,CCB[NH3].[Cl]
200.51973441988207,172.88390198985655,14.932140758179628,34.804483754918095,8.442630430485146,17.0,307.04699460199697,427.9412162289944,11.944375869303569,4.632815511049515,-0.31274061576541007,-0.301682373263373,-0.011092953973686058,5.286431132398497,0.810694333246932,-7.098375869303571,CCB(C)[NH3].[Cl]
216.68860744982044,197.1144445093017,16.249556588466618,39.73961344735632,8.551686713825797,19.0,329.4736140042785,472.33227502504224,11.909059595272554,3.710135046561377,-0.31823783488537927,-0.24223783488537923,-0.076,4.686357025430487,0.5354756697707586,-7.063059595272554,CCCSC[NH3].[Cl]
211.59892538822308,186.5559772122396,15.476668992159444,39.04285843735307,8.495391794739918,19.0,324.9462912836168,456.89064304090215,11.843106077807295,2.3410340114204677,-0.30954578344440525,-0.22043465583651112,-0.08909818069710757,5.621573715569271,0.26899401876593115,-6.997106077807291,C=CCCC[NH3].[Cl]
168.30202476982035,141.58348159567913,16.524271272444345,34.20961477781651,9.856840411985722,8.999999999999998,280.5580550770628,367.84844780744953,12.279790243092453,5.099123723251374,-0.32311111810280574,-0.31011111810280567,-0.012999999999999998,4.278035864762901,1.0297902430924537,-7.433790243092453,[NH3]CI.[Cl]
155.91704671245526,125.7444488959527,13.442280765525348,26.51146205300241,7.854201192122531,11.0,267.23539255370946,347.6029233866408,12.093776429583048,4.325533296002497,-0.318153684266955,-0.3117190301617229,-0.006570242459569281,4.991845921988458,0.7310352579939825,-7.247776429583049,BC[NH3].[Cl]
177.36610459393776,150.01608038398962,14.171152066321683,30.88997966712451,8.509995050797377,14.0,286.5380219410705,388.5828643894812,12.073857296018572,4.480812092512296,-0.3196451785827418,-0.3135944898088478,-0.006050688773894031,4.812044131376284,0.7761063267504118,-7.227857296018571,B[C@@H](C)[NH3].[Cl]
203.06632945718087,187.1692475632298,16.452075040870266,37.29654584122099,9.305773257092019,17.0,313.1772239459911,449.1821960964102,11.150565817564125,4.217688010516625,-0.3133268502762648,-0.2836875506628712,-0.02981971263316611,5.333467092012289,0.5948427629815927,-6.304565817564126,[NH3]CCC[C]S.[Cl]
165.8260585561713,136.2339802184923,13.84981388970537,31.593081648209775,7.851767095954951,12.999999999999998,273.89154896910213,361.16460830231335,12.11153214409645,0.23789409232336042,-0.31003127364114436,-0.12762574377646013,-0.1824387753648982,5.644482762916935,0.07487294233676027,-7.265532144096454,[NH3]CCO.[Cl]
214.00591975337267,189.4506518360965,15.155042037343621,35.89861841285684,8.33447940092026,20.000000000000004,325.79956503210343,459.98376412004944,12.103154471853756,0.752803758669728,-0.3185723072925354,-0.15336692203967928,-0.16553956073713194,4.6982098636359595,0.11036611931659357,-7.25715447185375,CCCCN[NH3].[Cl]
228.036,216.743,15.957,45.102,8.481,21.0,338.581,508.757,11.764,5.3,-0.322,-0.306,-0.016,4.979,1.051,-6.918,BCCBCB[NH3].[Cl]
187.38735119135197,164.42419796577366,16.943001047775024,35.635512803862476,9.858719103354066,12.000000000000002,297.8167199247675,408.4142191071912,12.261394759345114,5.133592578337116,-0.3226766154019707,-0.3059040453004826,-0.01592368390922054,4.238383115258142,1.0415769605997183,-7.415394759345113,C[C@@H]([NH3])I.[Cl]
202.31344629361058,178.41638048013357,16.636883301768176,39.532626552612896,8.644782703467358,13.999999999999998,319.2195179345274,443.14863778977156,10.961307029422457,4.405437032603307,-0.2824568528985084,-0.2609061978866812,-0.021540095007664666,10.455017818204203,0.6151924589235488,-6.115307029422459,[NH3]CCSS.[Cl]
140.41,115.603,16.425,29.558,9.587,6.0,248.452,314.718,12.867,6.91,-0.362,-0.357,-0.006,3.04,2.134,-8.021,[NH3]I.[Cl]
224.45879682833055,204.4539612633246,15.710248480653563,35.05255040449281,8.024821738212124,21.0,345.608458098605,498.6808278164991,11.99476779767433,3.4775853940157706,-0.3096400736374774,-0.276127075591912,-0.03353454914872336,5.5077462857990565,0.4925255186555208,-7.148767797674328,[NH3]CCCCC(=O)O.[Cl]
217.8297501062318,179.70963330602277,14.95006985833444,29.650757754561916,8.086982545849501,16.999999999999996,347.4831385514049,468.9256644193835,11.825319214026301,2.810433729781452,-0.3054347193354664,-0.22582094112086584,-0.07928256001546295,6.179349989052328,0.3399085626066412,-6.9793192140263,CCC#CC[NH3].[Cl]
165.19723324375212,138.23359253617775,14.24884063217683,37.83709044264324,8.284027227733068,13.0,267.70912318937945,356.8464962855519,12.150225913955103,0.341797791289612,-0.3107453351110941,-0.12566212871115545,-0.18503227342215744,5.516799314490349,0.08335653084446834,-7.3042259139551025,[NH3]C1CC1.[Cl]
163.89569427204947,134.30417877207944,13.702432502324843,25.858745935237263,7.4207059772304,12.0,280.1512640747161,368.1289030036165,11.950847812100951,2.949515144168653,-0.3041828609537062,-0.27254547774889276,-0.031508168230742456,6.425562102494099,0.3771937077733387,-7.1048478121009495,[NH3]CBO.[Cl]
198.84346944542497,175.35377860364267,16.18584392540609,35.43100090356504,8.818824243655651,15.000000000000002,312.86500673275424,434.80196325130146,12.034058527009279,3.079632155617075,-0.3189985747178442,-0.22691601705702114,-0.09245450100089389,5.476651981284974,0.4128000896371317,-7.188058527009275,[NH3]CCCBr.[Cl]
191.1105645351297,160.90274912691453,14.38712776231942,35.29000515096798,8.32945634588585,15.0,310.51528195307685,420.06794891512095,11.814559436000513,5.218462660725685,-0.3189267544634035,-0.312922685266926,-0.0060040691964775815,5.084740750789233,1.0214668668150122,-6.968559436000511,[NH3]CB1CC1.[Cl]
133.626,102.221,12.744,24.098,7.696,9.0,235.7,290.207,12.094,0.143,-0.307,-0.133,-0.174,5.845,0.068,-7.248,C[NH3].[Cl]
155.9204068095036,125.72716897815667,13.465347684466527,27.331939072670846,8.02970580026919,11.0,266.38765768881916,344.50800291275925,12.141848492728023,4.805801635785392,-0.3212519782488036,-0.31342965516194377,-0.008392667924915923,4.958236746583471,0.8968622149245389,-7.295848492728021,CB[NH3].[Cl]
219.13383884467243,188.1464018756183,15.464229154266105,38.017113127231305,8.513274973966451,18.000000000000004,336.8858245055888,473.50650501925895,11.406287865064058,2.8386673717311104,-0.3052729983922969,-0.2477937832752457,-0.057497320902878755,5.651596469970338,0.3057602453979403,-6.5602878650640575,C[B][CH]CC[NH3].[Cl]
142.46989986390238,112.13754072434799,13.202378028473927,27.48503143509991,8.014220109132411,10.0,246.92006834743773,314.0927515883067,12.374878336427184,0.24543184925978562,-0.31759957214571577,-0.13543571978989302,-0.18167514189921552,5.254566074162343,0.08839544197200205,-7.528878336427184,[NH3]CO.[Cl]
184.86014103606425,154.55664491940547,14.895570936124756,32.37067433776265,7.695713358342547,13.999999999999998,300.61985298602093,406.33462160686923,12.064858336261429,2.8316486088455095,-0.3090672991495804,-0.23985659757670869,-0.06935065947869187,5.69080725985707,0.3674844996713798,-7.2188583362614285,C#C[C@@H](C)[NH3].[Cl]
160.51907064040836,129.98205906907776,13.742033286915007,29.6100059925957,8.163383549948188,12.000000000000002,267.13596145401505,351.6614857869391,12.257468282634553,0.4172165308893906,-0.31322132898959937,-0.13819888193775454,-0.1750224470518449,5.301930607920278,0.09369259309974824,-7.411468282634554,C[C@@H]([NH3])F.[Cl]
222.05,190.503,16.239,38.232,8.777,16.0,340.88,485.063,11.363,5.882,-0.323,-0.317,-0.006,4.292,1.301,-6.517,B[C@@H]([NH3])[C]SC.[Cl]
198.83309795650703,175.75571250241757,16.189689781381713,36.69709382122441,8.920978432516192,14.999999999999998,311.04870319269,433.64661206531827,12.119461074256094,3.9514947786234904,-0.3176559632858201,-0.25729693323851377,-0.06017452626527861,5.20686628022053,0.6229218916515904,-7.273461074256096,C[C@@H](Br)C[NH3].[Cl]
130.732,101.518,12.675,22.257,7.686,8.0,238.11,298.149,12.465,5.072,-0.335,-0.327,-0.008,4.155,1.041,-7.619,B[NH3].[Cl]
220.38400018233318,195.52985278565828,15.940868989009125,39.6340795388329,8.886353222046875,20.0,331.52812006803094,472.6922318256557,11.687845990529336,3.3375001703303733,-0.3088774336578083,-0.24389302554842224,-0.0649844081093861,5.493608670974298,0.42796736004362207,-6.841845990529338,[NH3]CC1=CCCC1.[Cl]
192.82069101704877,164.65787707099568,15.078509554837156,36.36279717925443,8.2285076840802,14.999999999999998,310.2325410887939,428.4333497847933,11.619523521206071,2.9892775990850002,-0.30731635423861964,-0.2694914286992526,-0.03761641493096889,5.692560958479362,0.35340057474416536,-6.773523521206069,[BH][CH]CC[NH3].[Cl]
160.67865728559315,135.30145852051578,14.007013227534692,32.69116768056054,7.90430246967658,13.000000000000002,265.49552312193543,353.3495995565265,12.222284816803995,0.2761445763890621,-0.3154475327073217,-0.13325729618878096,-0.1822147268493557,5.183817707823983,0.08247186663325155,-7.376284816803995,COC[NH3].[Cl]
302.56086408417406,283.99399585751786,17.87253807531693,44.272149256059095,8.298229975544698,29.000000000000004,443.33501539180526,671.0328234917133,11.132585021034167,4.60107558592727,-0.3076091257419464,-0.25895181235767967,-0.04892045948959507,5.500483142559317,0.7046691381662137,-6.286585021034163,C[N][C][CH]c1ccc(C[NH3])cc1C.[Cl]
193.72586479546425,163.53182437260503,15.041192756889915,33.56051175112609,8.400427560956865,14.999999999999996,312.08899973673624,425.9369301685866,11.609113208281736,2.7486235108335118,-0.30877043669795573,-0.24856981296717479,-0.060179578262178235,5.5505492090975315,0.30793599442371855,-6.763113208281735,[CH2][B]CC[NH3].[Cl]
246.61940653283236,212.25105563235073,15.336292104980418,34.06476459406841,8.364024600478004,21.0,386.7223844565821,539.9236655254876,11.829768397513913,2.6801823494772696,-0.30897404266613465,-0.23641535431879468,-0.07273290762145668,5.852890110111955,0.31749425915816015,-6.983768397513915,CC[C@@H](O)CC#C[NH3].[Cl]
208.5722559059047,193.23561219358808,17.197978864415987,39.15603601899456,9.078736560000436,17.0,326.89836959327715,471.6430460330162,9.778957613882861,3.1953386414060225,-0.23918538390157543,-0.21742793046827782,-0.022104811021716363,5.491420779268507,0.20444502215128774,-4.9329576138828575,[B](#CCCSC[NH3])Cl
205.74539719814038,177.34198213653434,14.779008615621235,34.90265633008569,8.285428297280713,18.0,320.2335738585434,445.8225352811813,12.117186825451324,0.4721046781322718,-0.3128638794018531,-0.13673895179922213,-0.1761715036739925,5.3162151755686375,0.09027129120829698,-7.27118682545132,CCC[C@@H]([NH3])F.[Cl]
302.1525903533402,278.50592933326277,17.637400298553246,41.90383873624236,8.18301548010075,27.999999999999996,456.7873639350932,677.7943074318218,11.155967026562637,5.319211936168188,-0.30834113968218185,-0.28107582020008026,-0.027475920545871595,5.589334955647172,0.9940258227655623,-6.309967026562637,[NH3]Cc1ccc(/C=C/C=C/O)cc1.[Cl]
125.942,97.983,13.565,23.142,8.041,6.0,227.48,280.183,11.978,5.086,-0.317,-0.291,-0.026,6.192,0.986,-7.132,[NH3]Cl.[Cl]
174.43681369957176,145.5797056534756,14.61311796656293,33.61681820291242,8.350354809666191,12.0,287.29982612603845,380.0204961918763,10.887804104297604,1.8358568607253016,-0.2711501995385403,-0.16912829451180286,-0.10202190502673743,9.483753721293596,0.1268901809104087,-6.041804104297604,[NH3]CCCl.[Cl]
111.017,81.362,11.889,20.211,7.325,6.0,216.139,256.891,12.414,2.646,-0.318,-0.26,-0.059,5.298,0.369,-7.568,[NH3]F.[Cl]
151.843,121.678,14.024,26.206,8.012,9.0,261.28,333.855,11.034,2.245,-0.276,-0.182,-0.095,9.373,0.183,-6.188,[NH3]CCl.[Cl]
131.302,104.392,14.82,26.683,8.874,6.0,239.221,297.615,12.913,6.984,-0.363,-0.358,-0.006,2.983,2.195,-8.067,[NH3]Br.[Cl]
194.29804543248406,174.13243453934976,15.86675346774824,36.14428642918245,8.87292726047685,16.0,303.7676815913814,425.2553378482836,11.900031212767306,3.8235007845222353,-0.3159842092576461,-0.24718215962568715,-0.06910649549438254,4.859204387358963,0.5642523785575786,-7.054031212767305,CCSC[NH3].[Cl]
171.3157630155882,139.50530282692597,14.408135635777066,27.93667074425983,8.271709330090404,11.999999999999998,290.4137383288497,382.4560205720878,11.781285537067431,3.5590431067085433,-0.30604818243846776,-0.2840801764238455,-0.02206345159773023,5.814546109504586,0.4856135971134342,-6.935285537067431,[CH2][B]C[NH3].[Cl]
174.843,145.872,14.502,29.181,8.688,12.0,288.55,382.164,10.971,2.274,-0.274,-0.18,-0.094,9.401,0.182,-6.125,C[C@@H]([NH3])Cl.[Cl]
178.81459700611222,152.46759850343273,15.809479716544395,35.045484086921284,9.246680763963722,12.0,287.90606640709825,390.39470616697196,12.250143002797364,4.670255109058946,-0.31862697684434527,-0.28844180714902035,-0.029888653624409924,4.70285711456077,0.8633103169240778,-7.404143002797363,C[C@@H]([NH3])Br.[Cl]
192.09301845851527,165.75515485083983,14.743221571586057,34.84323025698387,8.452102005512428,16.999999999999996,300.826026457853,413.20265303735215,12.18311251953537,0.7548737244973159,-0.3182579553526383,-0.15411678703651113,-0.164378517068304,4.748349570022754,0.11510273956101039,-7.337112519535368,CCCN[NH3].[Cl]
119.044,88.912,12.196,20.976,7.008,7.0,222.648,267.44,12.372,2.286,-0.317,-0.235,-0.082,5.119,0.306,-7.526,[NH3]O.[Cl]
185.12,152.473,14.655,27.165,8.423,13.0,312.811,415.278,11.815,4.691,-0.313,-0.297,-0.016,5.352,0.815,-6.969,[NH3][B][C]1CC1.[Cl]
172.84549577782198,150.51936272596413,15.639209690380602,35.89278335735803,8.879151467844611,13.0,277.5980288671691,378.3320669616978,11.995713251313838,3.771342931325749,-0.3195133185162834,-0.24708953877678022,-0.07287066621131748,4.709176711099616,0.5606018995550226,-7.149713251313837,CSC[NH3].[Cl]
309.2928943330904,285.7383420202023,17.73033388380515,44.254534441580304,7.915601871141516,29.000000000000004,460.7792433631817,685.6256194926049,10.785308566218415,4.786967213672027,-0.3031149723912645,-0.2620583506488087,-0.041010391815453275,6.616330588368813,0.725578319910646,-5.939308566218413,N/C=C/C=C/c1cccc(C[NH3])c1.[Cl]
167.30690683992242,137.22024378147182,13.894163067868394,31.376235860943627,8.280232164746202,12.0,281.4148095687731,371.0112011428615,12.208118222791914,5.809967997436393,-0.33381043619289213,-0.3274313085786764,-0.006379127614215754,4.222757236878313,1.3547209534770817,-7.3621182227919135,[NH3]B1CC1.[Cl]
208.20819978808078,181.94126001615817,15.374909198913079,36.1233626050856,7.941294745286877,18.000000000000004,326.62167391784067,460.0575863534966,12.004227686124837,2.875802404665811,-0.3126817405224778,-0.2482174905000435,-0.06432765054096691,5.920236437831498,0.37234704028452187,-7.158227686124839,[NH3]CCCC(=O)O.[Cl]
124.019,94.192,12.635,23.453,7.709,8.0,225.869,273.996,12.44,0.724,-0.32,-0.163,-0.156,4.762,0.129,-7.594,N[NH3].[Cl]
189.66878233372594,162.0537127198417,15.012781032097525,33.698317060313954,8.730967245553748,16.0,302.2403997389625,412.34093653906257,11.92962213669115,3.2808679199755497,-0.3083498351456904,-0.2517277200961082,-0.05729703262242744,5.774197842754692,0.44581516659648196,-7.083622136691149,C=C(C)C[NH3].[Cl]
158.35367338264643,129.2673415443108,15.25306677877711,31.196852209425682,9.18820945857391,9.000000000000002,268.8156613102857,348.59819208884653,12.262730959878638,4.687298535275634,-0.31769650026355284,-0.29399307838140937,-0.02354112369945794,4.834600521951626,0.8712298903202484,-7.41673095987864,[NH3]CBr.[Cl]
138.27543780543667,122.76673778528112,16.10030530139996,41.499362798468866,8.965974572037432,10.0,236.68808255409743,316.61712742347817,13.327029414028289,4.912927994064252,-0.3737398990316848,-0.287087556077368,-0.08665234295431673,0.7351122073618374,1.0857630492572097,-8.481029414028288,[NH][S@@](CN)Cl
192.88525315819945,165.21785445267471,15.804502696705148,40.31672943989593,8.879247401860079,14.000000000000002,313.62133357852827,424.8840587655105,11.070903242807974,5.065271140743341,-0.3053177433183339,-0.29927996449754896,-0.006037778820784892,7.55396557127327,0.881121958643373,-6.224903242807976,[NH3]CC[C]S.[Cl]
162.8942514212643,140.3315508527586,15.890340113701145,40.96157915432792,8.526052684764363,11.0,267.39222741614935,361.04752318363205,11.588627542637928,4.973170056850573,-0.31699999999999995,-0.30699999999999994,-0.009999999999999998,4.740829943149427,0.8915425142126432,-6.742627542637929,[NH3]C[C]S.[Cl]
170.2256300080082,142.06421871797838,15.5540181012442,33.45759936371963,8.352549296871361,11.000000000000004,281.3662011801214,376.63971652103845,11.737905556459342,5.309180883792701,-0.32312353627923407,-0.3169638234274273,-0.006139650718922525,4.90073488103188,1.054709007051542,-6.891905556459344,[CH]SC[NH3].[Cl]
222.33,188.151,15.197,38.355,8.322,18.0,349.11,481.522,11.862,4.422,-0.315,-0.298,-0.017,5.288,0.73,-7.016,CCC[CH][B][NH3].[Cl]
127.99,98.005,13.451,23.148,8.255,7.0,241.13,297.232,12.466,4.111,-0.327,-0.312,-0.015,4.89,0.709,-7.62,N#C[NH3].[Cl]
179.83440708458417,152.98416826512678,15.780875042939105,33.95424331868923,8.724839707010592,11.999999999999996,290.63130601153483,392.0090650152508,12.151338077334477,3.9051180589362744,-0.3164761079385252,-0.25998560583796504,-0.05648185084581836,5.253776924794704,0.614968992523517,-7.3053380773344765,[NH3]CCBr.[Cl]
167.41925540751532,141.246223675524,14.26156663902421,34.224586487908894,8.277914669442579,14.0,271.75589450335644,363.50300870339305,12.266127963246287,0.703568327015937,-0.31878605160338147,-0.1533066712470925,-0.16547938035628904,4.757590258342503,0.11634520333997446,-7.420127963246286,CCN[NH3].[Cl]
171.20552725663458,142.54863662365358,15.702705403657092,36.272233375338985,8.696456229357489,11.0,278.2415655963765,374.5605841193089,12.006175082570039,5.69491245871498,-0.335,-0.323,-0.012,3.6578063944975696,1.2704562293574901,-7.16017508257004,CS[C][NH3].[Cl]
171.7643638639276,140.6796275550938,14.512880626612244,31.067345948299103,8.043445046798489,12.0,289.1130783583959,385.1889758663277,11.829909414038475,3.783511144868671,-0.3088418327389391,-0.29716306894519595,-0.011678763793743167,5.70924569377818,0.547378098455726,-6.983909414038473,[BH][CH]C[NH3].[Cl]
182.35113391469088,158.34238472160047,14.826965974038545,41.0012828053859,8.661389628643464,15.0,289.7785018876772,401.75658489086345,12.047962080738099,4.2559409785548645,-0.31211928676715084,-0.2985367904521788,-0.013582496314972008,5.096640504017544,0.701946507536314,-7.2019620807381,[NH3]C1CBC1.[Cl]
183.921,151.716,14.315,36.806,6.521,13.0,325.39,418.822,10.602,5.258,-0.289,-0.288,-0.001,5.434,0.89,-5.756,C([C]1[B][C@H]1[NH3])Cl.[H]
