disp_area,disp_volume,disp_p_int,disp_p_max,disp_p_min,max_atom_area,sasa_area,sasa_volume,ip,ea,dipole_moment,e_philicity,n_philicity,SMILES
363.49764738529296,350.79817891968395,18.7570722449115,45.08809667199375,9.267974644318578,36.00000000000001,530.2429202107475,822.8227643802368,10.548525376797944,6.775150896569221,6.434631583473662,1.9293560408287114,-5.702525376797941,[NH3+]CCC1=CC=C(/C=C/C2=CC(F)=CC=C2)C=C1.[Cl-]
303.415973912604,284.6644372310199,18.19414725415035,43.47806333150047,9.084033695497496,29.0,446.51472552282263,676.8304454041738,10.528116808256407,6.157633709717616,5.822011624878511,1.3988772586937563,-5.682116808256405,[NH3+]CCOC1=CC=CC2=CC=CC=C21.[Cl-]
360.9857046093,346.95658810728696,18.65460342923796,46.09215967335154,9.214834220570772,36.00000000000001,525.5222277655175,810.2295245197154,10.444190121013289,6.581498415131319,5.991775447783,1.7403696615016924,-5.598190121013288,[NH3+]CCC1=CC=C(/C=C/C2=CC=CC=C2)C=C1.[Cl-]
350.060469345113,335.1281585137965,19.097362816731813,49.86021908854804,9.404406534196125,34.00000000000001,492.11069233005514,774.250325842942,10.40855469171181,7.188014783444158,6.2474672069077135,2.425524391653012,-5.56255469171181,[NH3+]CCC(C=C1)=CC=C1/N=N/C2=CC=CC=C2.[Cl-]
288.57201123823353,274.66318790043783,18.412321869247414,45.519807659266576,9.239664123979546,28.0,418.1386323253506,639.4073785477364,10.621429249302267,6.160207794500635,6.084657243264456,1.4082562698978909,-5.775429249302266,[NH3+]CCC1=CC2=CC=CC=C2C=C1.[Cl-]
289.2434425188777,275.0142980005032,18.335074783498133,45.85849984999104,9.292049634765466,28.000000000000004,420.6962287655468,641.5121441518853,10.620360624417627,6.156487177156953,6.12781592213566,1.4059184018898654,-5.774360624417626,[NH3+]CCc1ccc2ccccc2c1.[Cl-]
260.0151339507164,243.2400662190075,18.271716904169537,45.45729598902418,9.063210226100951,24.0,390.29520674555613,583.4748618869269,10.657684677576691,6.754740193557341,5.988987438042206,1.9087801628450516,-5.811684677576692,[NH3+]Cc1ccc2ncccc2c1.[Cl-]
285.9036592959824,275.7335258631697,19.140537493354532,46.27577393022309,9.475365438668472,26.0,418.1660138434255,642.5683275629099,10.623390733996011,6.57097478862314,5.358538451437182,1.7364392564135331,-5.777390733996013,[NH3+]CSc1ccc2ccccc2c1.[Cl-]
272.0658284719752,252.4888402926432,17.134137341264836,44.29163583282398,8.104367801289966,25.999999999999993,403.11306166062764,600.0654962279922,10.693686264648495,4.964218454566546,6.007220768783937,0.7767629958726024,-5.847686264648496,[NH3+]CCC1=CC=C(OC)C=C1.[Cl-]
267.3986327058814,250.41048804945459,18.231396145053036,45.33258624757048,9.109841665074796,25.0,399.35521616090216,598.0402479664195,10.705148540652894,6.298205316049632,6.0676917693246875,1.5164535029611863,-5.859148540652893,[NH3+]Cc1ccc2ccccc2c1.[Cl-]
267.8096226090606,250.3784797843261,18.196149439999807,45.022452596721514,9.132682557660916,25.0,401.1289100998335,599.0620946999459,10.705968971903058,6.297057923633211,6.083950048124645,1.5158009701871324,-5.859968971903057,[NH3+]CC(C=C1)=CC2=C1C=CC=C2.[Cl-]
259.5494550063624,243.1058749379501,18.32012459667396,41.78163536097082,9.059166682684877,24.000000000000004,387.97089487477814,581.4480982249796,10.643647228066156,6.74287900133665,5.475968076035211,1.8977259762006013,-5.797647228066156,[NH3+]Cc1cnc2ccccc2c1.[Cl-]
286.467050897481,273.7200243316633,18.384419202126885,45.386126196576875,9.45515403456342,28.0,418.76686907511214,638.6729378491909,10.70237840688811,6.279636318258445,5.9620634600875135,1.5019452611629356,-5.85637840688811,[NH3+][C@H](C)C(C=C1)=CC2=C1C=CC=C2.[Cl-]
285.4820608787843,273.0237020764664,18.377988977709386,44.99401176148046,9.452652868286123,27.999999999999996,418.88339606999864,638.8907920349848,10.70214109108418,6.277146074027011,5.9527068172942394,1.5006337493273891,-5.85614109108418,[NH3+][C@@H](C)C(C=C1)=CC2=C1C=CC=C2.[Cl-]
297.83,287.132,19.184,41.058,9.149,26.0,444.772,675.119,10.568,6.796,14.879,1.95,-5.722,[NH3+]CCC1=CC=C(C2=CC=CS2)S1.[Cl-]
453.635,456.585,20.916,42.771,9.328,40.0,646.543,1033.399,10.18,7.57,14.923,3.11,-5.334,[NH3+]CCC1=CC=C(C2=CC=C(C3=CC=C(C4=CC=CS4)S3)S2)S1.[Cl-]
266.88535749622685,250.81529144993647,18.33555932797407,44.598134093351206,9.372600858420824,25.0,396.52914075281126,595.3134472403483,10.733972079714924,6.391193039720607,6.104465425146354,1.5909614639145242,-5.887972079714926,[NH3+]Cc1cccc2ccccc12.[Cl-]
259.66259445534797,244.38431328133913,18.175561077414976,44.03000761645473,9.162404029000555,22.000000000000004,388.86656757097893,578.927301519984,10.937523316694424,5.631102006177326,6.2186864828492014,1.114200972092819,-6.091523316694422,[NH3+]CCC1=CC=C(Br)C=C1.[Cl-]
286.02003719052834,274.6037387187147,19.270965811124093,42.66798607933032,9.194931157262783,24.999999999999996,426.25729728151526,648.4219492447954,10.78721917116279,6.7589340124598944,4.737330854830353,1.914000839171883,-5.941219171162791,[NH3+]Cc1ccc2cccc(Br)c2c1.[Cl-]
282.8705204500952,273.10367262900064,19.500566171733862,45.617400585726664,9.47159438876319,25.000000000000004,418.6962570893485,640.2980237074944,10.811492740117087,6.801470043962393,4.777573327761598,1.955940511175063,-5.965492740117087,[NH3+]Cc1ccc2ccccc2c1Br.[Cl-]
265.717,241.262,17.175,43.377,8.762,22.0,400.291,582.034,11.053,5.241,18.246,0.937,-6.207,[NH3+]CCC1=CC=C(Cl)C=C1.[Cl-]
258.66178407757957,241.5672917845527,17.483591298575607,47.14584402694592,9.26647028829026,25.0,377.7472263180875,564.7134803026081,10.852983733712694,4.909567768174863,6.063520600262146,0.7757040495403096,-6.006983733712693,[NH3+]CCCC1=CC=CC=C1.[Cl-]
238.10322639589685,219.93704395965392,18.14719920500241,44.17210752249209,9.00383528924982,19.0,367.6172176373328,535.4858683923627,10.996639075433755,5.828701588283956,6.464505397003959,1.2311481902362882,-6.150639075433753,[NH3+]Cc1ccc(Br)cc1.[Cl-]
293.95475439215943,291.2901343202397,19.52776534123499,47.314983422999546,9.253050188914013,26.000000000000004,418.5053650119209,656.5698043477416,10.485236473377789,6.106491666492625,6.880194692258631,1.359204337739041,-5.639236473377788,CSCc1cc(C[NH3+])ccc1Br.[Cl-]
238.48702920010896,217.84230889395383,17.135800006547683,41.93727606079538,8.984171089704077,22.0,357.69394712924975,523.3831320574328,10.876360790475529,5.125528300669784,5.9099038783464914,0.8655038239462145,-6.030360790475527,Cc1cccc(C[NH3+])c1.[Cl-]
240.06488006067602,221.72495016436187,17.15779777627537,42.78053179009509,9.110707592218498,22.0,362.8500477233425,536.573740267029,11.021466198349332,5.311622286651118,6.5082405283794245,0.9659170619276347,-6.175466198349334,[NH3+]CCC1=CC=C(F)C=C1.[Cl-]
260.5756414484819,242.7653402869138,18.134551731513348,43.64135010679314,9.050987567365468,24.000000000000004,398.14230622231474,589.9413467594402,10.56360227207907,6.246821583824075,5.577796410746478,1.467465754926132,-5.717602272079072,[NH3+]Nc1ccc2ccccc2c1.[Cl-]
294.7994828569733,286.6213608368452,20.11062139243758,45.73853947798252,9.233596377633477,25.0,429.2594089706919,661.4578812403332,10.776794789375506,6.720224652706221,5.225904495798503,1.877686885250502,-5.930794789375503,[NH3+]Cc1cc(I)c2ccccc2c1.[Cl-]
284.76864939482346,262.42867148153476,17.468398764074994,46.346302831444824,8.656746757322496,24.999999999999996,420.985414637404,624.3144246602398,11.047861830328227,5.44312635708963,14.589834072055208,1.0316268861420497,-6.201861830328225,CCc1ccc(C[NH3+])cc1Cl.[Cl-]
237.38508527526758,218.39578826551147,17.06123727429896,41.22100909609798,9.072409355195438,21.999999999999993,358.2962660653116,523.0976871476413,10.933197470901494,4.98729575029942,5.968373685668484,0.8155949505331974,-6.087197470901492,[NH3+]CCC1=CC=CC=C1.[Cl-]
279.2548330919381,267.06051967358434,18.179453329744348,39.310366980119035,9.234270886988758,27.000000000000004,413.1779100395001,632.7031124215484,10.346958915402947,7.218207229248513,6.668056765768933,2.476898156246022,-5.500958915402946,[NH3+]Cc1ccccccc(F)cc1.[Cl-]
488.66119580936345,499.2131869097933,21.116333544434248,47.706271526568074,9.358925849386413,46.0,674.2144783458305,1105.4274849455119,10.023666655556092,7.411555562962605,15.145485645477923,2.8696296469127454,-5.1776666555560915,[NH3+]CCC1=CC=C(C2=CC(C)=C(C3=CC=C(C4=C(C)C=CS4)S3)S2)S1.[Cl-]
277.3995171789813,265.9285053297913,18.902606903269092,44.91169863987586,9.077758224677577,25.0,411.31326048835456,628.1771466679685,10.82712442975969,6.621542228818903,10.903435657174786,1.7876254003818715,-5.981124429759691,[NH3+]Cc1ccc2ccccc2c1Cl.[Cl-]
526.173,538.725,21.78,51.127,9.314,48.0,712.582,1196.942,10.492,7.969,22.875,3.809,-5.646,[NH3+]CCC1=CC=C(C2=CC(C)=C(C3=C(C#N)C(C#N)=C(C4=C(C)C=CS4)S3)S2)S1.[Cl-]
257.3580611744792,236.6826999346902,17.356305453128922,44.414045199297526,9.03271840473469,24.0,387.0769306158446,570.6488548541059,10.631310652330027,5.175382210396477,6.246641417222058,0.8570998250151305,-5.785310652330028,[NH3+]Cc1ccc2c(c1)CCO2.[Cl-]
276.0939898304849,265.0623017532969,19.575604638131168,41.858285347182445,9.193885468606961,23.0,411.029466859805,621.7661277723574,10.831819504974419,6.399337008596203,7.351626101199969,1.6033064698698438,-5.985819504974419,[NH3+]Cc1cccc(C=CI)c1.[Cl-]
289.07421131061415,271.057303696195,18.44207525118872,46.448523527417166,8.777476232614575,24.999999999999996,432.53338130569864,647.7455101738677,10.781146715447113,6.501525969746527,14.05172353306213,1.6833129594249527,-5.935146715447112,[NH3+]Cc1cc(Cl)c2ccccc2c1.[Cl-]
228.47115445433664,207.67799694967704,17.135580872983397,40.2682250453253,8.934498750981465,19.000000000000007,354.7373468493507,507.79960659599004,10.91316233126666,5.6065773115233215,11.392938986170746,1.098418836859387,-6.067162331266661,[NH3+]CCC1=CC=CS1.[Cl-]
285.21904234538147,272.3149475448713,18.408577690741307,44.667808204354024,9.112847709244072,27.999999999999996,418.7892456727502,637.7134134171471,10.565440682005471,6.177847682797077,5.9480162607165346,1.4165511920085443,-5.719440682005472,Cc1cccc2cc(C[NH3+])ccc12.[Cl-]
264.1816993499041,251.36422402652792,19.12253848419725,44.67614986319146,9.465572314803058,23.0,397.65648390967766,599.6688290865636,10.772310902973837,7.180704694753413,5.217439120690838,2.375600608128874,-5.926310902973838,[NH3+]Sc1ccc2ccccc2c1.[Cl-]
271.978,251.832,17.941,46.026,8.557,24.0,420.512,620.209,8.637,5.218,14.346,0.633,-3.791,B#CC=Cc1ccc(C[NH3+])cc1.[Cl-]
283.8107273953742,256.7783312637779,17.979721547965735,43.98845953431123,9.075454807205535,23.999999999999996,443.61200312348205,643.5697763465074,10.777843647515343,6.6023994307705145,6.096506279860987,1.7693642869812378,-5.931843647515343,[NH3+]C#Cc1ccc2ccccc2c1.[Cl-]
253.3487961025639,236.53609596206942,18.16291618336138,45.111569141996576,8.592758623383121,23.0,386.76104829368154,576.1603426344882,10.843830890838472,6.501987930679801,5.254147094904193,1.6867336881099482,-5.997830890838473,[NH3+]Oc1ccc2ccccc2c1.[Cl-]
216.75711471533987,193.76245720014967,16.855498491110822,40.73516024362906,8.979019765238654,19.0,337.53586037524394,480.6223719592974,11.002498445917428,5.207571753768179,6.017012101418537,0.9171248128607314,-6.1564984459174275,[NH3+]CC1=CC=CC=C1.[Cl-]
216.7282261852832,194.1812252146591,16.8416604247292,41.15529787983061,8.980680961770583,19.000000000000004,337.59348333889164,480.68905051440424,11.003248559202559,5.209765731769454,6.0198967350001045,0.9181966053334566,-6.157248559202561,[NH3+]Cc1ccccc1.[Cl-]
312.72502825370714,293.7400564942599,18.3639158220885,44.480973810720634,8.687785743672281,28.0,467.783680894051,701.9924750364623,9.604706084080924,7.416074837928081,5.803637923451847,3.0681381691541247,-4.758706084080923,C=S=CC=Cc1ccc(C[NH3+])cc1.[Cl-]
305.4806362912989,292.21730087201473,19.253036517708885,45.22390774062779,9.109004480498415,25.999999999999996,447.50258444343916,678.2129529771823,10.758469874205055,6.3686738022860565,6.551289419560648,1.57441853162417,-5.912469874205054,Cc1cc(C[NH3+])ccc1C=CI.[Cl-]
404.638,368.652,16.048,31.966,8.237,42.0,564.04,844.332,11.001,1.048,6.025,0.07,-6.155,[NH3+]CCCCCCCCCCCC.[Cl-]
268.6454300551334,252.5531804838816,18.288155356405774,43.04593831153318,9.11043227454548,25.0,402.97213520523786,609.0559383256162,10.832858015210498,6.573963585608422,5.125450268959226,1.7467407750943145,-5.986858015210499,[NH3+]Cc1ccc2ccccc2c1F.[Cl-]
284.925188451092,273.10876918647267,18.33465899464556,45.55667238873094,9.28454946884976,27.0,422.15351671550627,646.6878800346148,10.74350910019043,6.922441844568302,5.659395779033354,2.0799501165170775,-5.897509100190428,Bc1cc2ccccc2cc1C[NH3+].[Cl-]
234.5869974354075,217.24718390114086,17.21550562554546,41.414909345724986,9.295814179814267,22.0,353.22018340998056,518.5358954388487,10.982196088956014,5.157969193689151,5.835011005510761,0.8929176042575768,-6.136196088956014,[NH3+][C@@H](C)C1=CC=CC=C1.[Cl-]
235.6180815661333,217.4523293590742,17.127522388422403,39.73693881449552,9.298605608247387,22.0,356.03395971570717,521.0569185612146,11.006523992986022,5.190691196150423,5.9101567783599736,0.9095991974367366,-6.160523992986023,[NH3+][C@H](C)C1=CC=CC=C1.[Cl-]
264.9542858400391,249.6164701067005,17.94535042826082,42.57496224825748,9.032065072656941,24.0,402.9721246773561,604.5522411541742,10.393297419809882,5.910696245107039,6.314096331202268,1.2193625922369342,-5.5472974198098814,[NH3+]Cc1ccc2cbccc2c1.[Cl-]
307.75907962014315,292.37412245856797,19.425074939911752,43.04963221157584,9.235936924375867,26.0,446.7023858159854,678.815333314029,10.845251889868614,5.725464593746056,6.15201761997884,1.1553941086751072,-5.999251889868617,[NH3+]Cc1cccc(CC=CI)c1.[Cl-]
366.9399491364218,360.19719673257305,19.717972227370122,47.03806781145623,9.214259647921255,37.00000000000001,522.357014162316,827.7142181787216,10.212381985099631,6.838659117332389,5.806803476878679,2.006682750285055,-5.366381985099628,[NH3+]CCOC1=C(C=C2)C3=C(C=C1)C=CC4=CC=CC2=C43.[Cl-]
264.5827425378731,249.3916417266809,18.277589409451107,45.727860953115396,9.106134700176264,24.000000000000004,397.85042330478547,600.5633987352128,10.819851840409772,7.320485862944544,5.483838420640034,2.550053507370591,-5.973851840409771,[NH3+]Bc1ccc2ccccc2c1.[Cl-]
517.5813393216707,540.2609003182816,21.788880336701666,52.18178745182198,9.335458735654184,50.00000000000001,698.3528424850005,1173.5612461748765,10.148951604639207,7.9330298430120525,20.6383423017569,3.971293970588711,-5.302951604639208,[NH3+]CCC1=CC=C(C2=CC(C)=C(C3=CC=C(C4=C(C)C=CS4)C5=NSN=C35)S2)S1.[Cl-]
299.416,281.845,19.333,45.759,9.234,27.0,406.821,640.602,8.394,6.138,5.398,1.298,-3.548,C=[SH]#CCc1cccc(C[NH3+])c1.[Cl-]
209.60063804708494,185.6743661155252,16.905435798524994,38.496035675612234,8.743191661372851,16.0,332.2964405650685,465.519464299178,10.962684994629633,5.755781530780829,9.552724118360587,1.1860742366213797,-6.116684994629634,[NH3+]CC1=CC=CS1.[Cl-]
275.1124624416841,259.93783086362225,18.336665417533794,46.346464595095696,8.81055853278395,26.0,408.74738672893847,618.7742465727974,10.509060384654035,6.201789845281559,8.661189225864328,1.4296809519695624,-5.6630603846540355,[NH3+]Cc1ccc2c(O)cccc2c1.[Cl-]
307.133,274.283,15.596,32.238,8.217,30.0,441.52,640.386,11.028,1.047,6.017,0.071,-6.182,[NH3+]CCCCCCCC.[Cl-]
276.7602691751232,256.989484647834,18.001928003142435,42.51540774750235,7.764043964852117,25.000000000000004,422.138532364311,628.0866973811162,10.621298524280343,6.327501590200864,6.033150910945991,1.5333751079911646,-5.775298524280341,C#CC=Cc1cccc(C[NH3+])c1.[Cl-]
277.92248900007326,262.7562627258979,18.17957911926754,47.33342365750733,9.294240009741273,25.999999999999996,416.0169693681172,627.2656325375392,10.145748584438522,6.242783344072241,6.225005232363545,1.4363793596666465,-5.299748584438522,[NH3+]Cc1ccbcccccc1.[Cl-]
280.0311225641335,256.3163852249905,17.505213054873476,44.07033048585106,8.517071780708694,26.0,413.5655224725595,613.0322597688958,10.855837935580702,5.342758910736533,6.0113566681910315,0.9605572754359221,-6.009837935580702,C=CCc1ccc(C[NH3+])cc1.[Cl-]
251.92004782217404,230.93395522329843,17.436474473806545,42.493633240690244,8.43408625060291,22.999999999999996,382.8056443276855,560.3098171299547,10.792068719061605,6.008880044946858,6.013608464380754,1.320611040597325,-5.946068719061605,C=Cc1ccc(C[NH3+])cc1.[Cl-]
251.8552825911064,230.45951897551933,17.375844929592727,42.657745492289365,8.431271344077304,23.0,384.85875251774723,562.0883232568991,10.797768177615772,6.011176244008077,6.044364539498389,1.323421554645708,-5.951768177615772,[NH3+]CC1=CC=C(C=C)C=C1.[Cl-]
266.6127566358816,245.37143126086386,17.64258755760749,44.2890562627529,8.075197856976779,24.000000000000007,400.7700875032881,595.0884854932657,10.772673022689435,5.624418521206649,5.864386641246952,1.0916367900739996,-5.926673022689436,C#Cc1cc(C[NH3+])ccc1C.[Cl-]
250.82177093529867,228.11765227633168,17.05626265151047,43.93587611224837,9.035597088792121,22.999999999999996,380.1403428651162,553.3932418483942,10.846859738075823,5.130768877793704,6.0972708272541425,0.8645935848736848,-6.000859738075824,[NH3+]Cc1ccc2c(c1)CC2.[Cl-]
275.7644908777206,254.9161764178279,17.52688201390871,42.17210087246227,8.846770241434085,26.0,409.3869912258492,608.5830348494982,10.663164883769351,5.786870261458058,6.117816805857203,1.1719467340492549,-5.81716488376935,Cc1ccccc1C=CC[NH3+].[Cl-]
256.6353099636074,232.13663177080537,17.31983161595643,41.239606852941215,8.821607329872927,23.0,388.23358385881727,566.6568465305495,10.752890513569925,5.953511891478964,6.05873219569336,1.2819829994141807,-5.906890513569925,[NH3+]C/C=C/C1=CC=CC=C1.[Cl-]
274.09181152722994,253.5822533181872,17.725377665894957,43.9910205319339,8.976246601591287,25.000000000000004,419.73274785548875,621.7550051004483,10.966642682198737,7.522902764764835,7.017498357220463,2.8096024351567515,-6.1206426821987385,[NH3+]Cc1ccc(C=CC=O)cc1.[Cl-]
276.7976330225985,254.57753757869352,17.44200895325747,44.180794835737075,8.449571301866555,26.0,413.81636734383295,611.0556090029565,10.615393263733264,5.878035404467926,5.908720732280486,1.2202902026861393,-5.7693932637332646,CC=Cc1ccc(C[NH3+])cc1.[Cl-]
269.05379621075394,251.82936309437503,16.085142972513705,37.67653530976264,9.144998127863685,28.0,389.553501882531,576.1761512071305,10.987627642935015,0.9913039628126393,6.0547249001900365,0.06551297482899422,-6.141627642935017,[NH3+]CCC1CCCCC1.[Cl-]
279.5318362934528,257.8258797341672,17.826024056264107,43.81493732154574,7.695758392321741,24.999999999999996,429.306628960315,634.108579075278,10.630585977629352,6.421731458417957,6.014569324038037,1.6090660524728575,-5.784585977629351,C#CC=Cc1ccc(C[NH3+])cc1.[Cl-]
278.933,246.645,15.316,31.709,8.219,27.0,411.03,589.621,11.041,1.045,6.026,0.072,-6.195,CCCCCCC[NH3+].[Cl-]
285.6413624016442,280.7654058443357,19.23828348401211,44.526261139385554,9.496017014708084,27.000000000000004,420.0276827814124,645.0755600524681,10.732251619922314,6.399256962726272,5.574353782720887,1.5969132813585982,-5.886251619922314,[NH3+]C(P)c1ccc2ccccc2c1.[Cl-]
259.92758735758014,240.99358241148175,16.47698639062604,41.98457106016192,9.175359161963375,25.999999999999996,377.5533728819977,557.9165368179841,10.685417763507626,3.7804148172531145,6.070473837356777,0.4127660283914015,-5.839417763507627,[NH3+]CCC1=CCCCC1.[Cl-]
232.42061368491647,206.35673575198808,15.559607572497164,42.35698599952233,8.4022202721351,22.0,343.81296193968114,495.57550798551733,11.083524354161579,0.6907842634498779,5.935050877684958,0.05196036284679813,-6.237524354161577,COCCCC[NH3+].[Cl-]
338.9279032800116,326.2323539788348,18.917711635036802,44.91896055769458,9.157713517401973,32.0,480.69095813751085,747.1003483317394,10.726431068443592,6.287151846396929,5.5355151496944455,1.5114353709925483,-5.880431068443591,CCc1cc(C[NH3+])ccc1C=CCBr.[Cl-]
257.03,225.071,15.194,32.179,8.193,24.0,380.31,538.52,11.056,1.041,6.013,0.072,-6.21,[NH3+]CCCCCC.[Cl-]
244.4721840200611,226.98185779827827,15.970282594340063,38.56094571080039,9.0514624064396,25.000000000000004,357.9522762963087,525.0749308301124,10.976647171355296,1.0432052824494145,6.059484133054591,0.0681447857531239,-6.130647171355298,[NH3+]CC1CCCCC1.[Cl-]
280.50331115124794,261.9274351145947,17.870973961429378,43.94768616693935,9.131314840186155,25.999999999999996,412.7326565087082,619.9216828399731,10.022860639566476,7.696655283401931,6.123710352732715,3.462568064955978,-5.176860639566476,[NH3+]Cc1cbccccccc1.[Cl-]
274.79882424792936,250.3738395978859,17.56546598435133,43.689187226320946,8.89859428725837,22.999999999999993,421.19231135188585,615.6563005538278,10.76824687869413,6.376474901473974,15.449673353539138,1.5825899224106383,-5.922246878694132,[NH3+]Cc1ccc(C=CCl)cc1.[Cl-]
250.9863128289644,236.32405451285973,17.458532289513084,46.089682165901216,9.22786170008721,22.0,376.7299084801962,583.4588212889207,11.587191110661337,6.798808889338663,7.715095555330668,1.972660523259448,-6.741191110661337,[NH3+]CCC1=C(F)C(F)=C(F)C(F)=C1F.[Cl-]
241.09702563796338,225.76465899958424,18.133747550349213,44.558578772487465,9.446078974481464,22.0,372.0887774816322,548.5981282806509,10.905280683679024,6.6032806836790225,6.007518859738772,1.7754389457957918,-6.059280683679024,[NH3+]c1cccc2ccccc12.[Cl-]
281.81297256387677,257.3900640790337,17.660288684477077,43.47318580239357,8.22650077921039,25.0,428.6727038850405,631.7089109044742,10.18566052769255,5.633051205026734,6.853886930825675,1.0309546375991072,-5.339660527692549,[NH3+]Cc1ccc(C=C2C=C2)cc1.[Cl-]
201.02366652298386,181.20489105486425,15.060836346119503,36.23593658295692,8.607392414606304,19.0,311.2134430691067,440.1649824244568,11.022404366882988,0.7602008942856338,5.702317106430456,0.05334837331414303,-6.176404366882987,COCCC[NH3+].[Cl-]
270.71000020360447,253.37009849184986,17.695233557401874,43.07142413387173,8.625988134744281,26.000000000000004,400.1325923528157,599.7952346541699,10.71381782263177,5.845558610214306,5.954328698693438,1.2113686222465168,-5.8678178226317685,C=Cc1ccc(C[NH3+])cc1C.[Cl-]
280.4019589305969,262.8621094139519,18.66261151476352,43.8972548590938,9.061242400601365,23.0,421.8039093046839,628.6155800215605,10.322901108640112,8.18733792573335,6.423354828324133,4.555110592008514,-5.476901108640112,[NH3+]Cc1ccc(C=NC#P)cc1.[Cl-]
282.966,271.507,18.994,45.143,9.435,25.0,431.052,647.171,10.461,7.555,5.365,2.981,-5.615,[NH3+]P=Cc1ccc2ccccc2c1.[Cl-]
215.238,184.457,14.891,36.143,8.21,19.0,329.28,459.692,11.08,0.999,5.618,0.071,-6.234,CCOCC[NH3+].[Cl-]
223.449,199.613,16.06,38.042,8.503,19.0,338.15,481.698,10.556,4.749,5.183,0.678,-5.71,CCSCC[NH3+].[Cl-]
312.4330417583968,300.98274678625666,18.86767467580278,45.87295766862133,9.214232506103956,29.000000000000007,456.9845234257906,699.3690202240331,10.484594725559015,6.378329605610975,13.091233372457483,1.5659099065918562,-5.638594725559013,[NH3+]CCc1ccc2ccc(S)cc2c1.[Cl-]
259.0914621709188,239.782579123232,17.56564542960967,43.185983858938066,8.371824334266202,24.000000000000004,394.6604553908987,583.5396806484089,10.524152269436888,5.806771253516114,6.183758575721229,1.1682047002274605,-5.678152269436886,[NH3+]Cc1cccc(C=CO)c1.[Cl-]
245.5897655492461,227.11404704937905,17.97386535840236,44.546461145223084,9.388366640646879,22.0,379.91641468635584,556.0926387910827,10.879506366492771,6.525522882404357,6.042237254779371,1.7079833954762234,-6.0335063664927695,[NH3+]c1ccc2ccccc2c1.[Cl-]
225.68038012379427,198.08377057244596,15.037732234438787,34.66209319684757,8.32643758608041,20.99999999999999,341.22927129239406,479.71940590231725,11.08794367707991,0.9574809353703271,6.085618137542733,0.06852459851211892,-6.241943677079903,CCCCC[NH3+].[Cl-]
225.65543231515736,198.06269706717563,15.091957294893689,35.17094571707858,8.350332450136584,20.999999999999993,339.902468859961,478.5896855380714,11.076611831687964,0.9535816877638718,6.087174908603101,0.06766283533416406,-6.230611831687965,[NH3+]CCCCC.[Cl-]
270.60667227183234,253.657264356927,17.70606598536697,43.370710000409,8.823124282553781,26.000000000000004,400.712591262882,599.7072771310294,10.712723194271414,5.7682418899925905,6.011203512200282,1.1656559359565928,-5.8667231942714135,C=Cc1cc(C[NH3+])ccc1C.[Cl-]
221.06505421533032,197.22948588695039,15.115799220368201,35.83606428828964,8.898111315405206,20.999999999999996,334.51086433148873,473.2777142453483,11.128948064038598,0.9489345381245251,6.074483929979423,0.0699340153228844,-6.282948064038599,CC(C)CC[NH3+].[Cl-]
195.14022105985742,169.22933264444066,15.513949390281635,38.46265252776203,8.8008705015655,16.0,309.14103286866043,429.3642349327907,11.310278190404308,3.785859128847048,6.720535767070431,0.4851659196561285,-6.464278190404306,N#CCCC[NH3+].[Cl-]
221.58981498550548,203.8425062867191,15.658546845283414,38.299571490000815,9.37786983534084,22.000000000000004,330.2058431193092,476.45528565548085,11.069968450255656,1.0466320387655426,6.018860724886254,0.0734341188596099,-6.223968450255654,[NH3+]C1CCCCC1.[Cl-]
206.7670187064255,177.93659718799566,15.329035787586646,36.69154498855615,7.857361368916879,17.0,326.87355752190973,452.6747770650636,11.005155860066854,2.526628471469798,6.100092118482997,0.2180211759334137,-6.159155860066854,C#CCCC[NH3+].[Cl-]
191.7264155849196,161.01580725689087,14.37832354494167,33.95361801069828,7.866950042469494,15.999999999999998,303.26946510891,412.82598580791745,11.090779672072092,1.0180181794623508,5.68008556947811,0.07216758207072717,-6.244779672072092,COCC[NH3+].[Cl-]
236.70870624168097,214.94136312714917,16.01051504855488,35.27020202853095,9.017744677642895,21.0,354.7236444521338,512.7592022613372,11.114343106240971,3.572613356214324,9.435240364567555,0.4172183428852952,-6.268343106240972,[NH3+]CCCCCCl.[Cl-]
220.92740986686746,197.19860803513885,15.207457872348693,37.00684277572185,8.421390055793168,21.0,331.3018239143957,471.29336464893873,11.134224318711032,0.9887281035138314,6.037978737122496,0.07278891468825557,-6.28822431871103,CCCC(C)[NH3+].[Cl-]
275.3798312078485,251.44318727743195,17.729968227907797,43.5486634077711,7.730603770955281,23.99999999999999,429.08186718468994,628.3307575200774,10.60363868265169,6.3599142266853885,5.44999241569607,1.5580129178282287,-5.757638682651694,C#CC=Cc1cccc(N[NH3+])c1.[Cl-]
313.23201202479487,296.512989809794,18.31622821157584,45.22321092731017,8.840445178590453,29.000000000000004,452.1896747457687,691.4042308325587,10.643209904076874,5.990314401770071,6.170818108755766,1.2947246218939985,-5.797209904076874,CC=Cc1cc(C[NH3+])ccc1CCl.[Cl-]
201.38168854410424,174.27733740942475,14.723889429470667,34.8464675378678,8.362461156112195,18.0,311.16182242930773,429.0507963082808,11.130534309691615,0.9335367402196172,6.059808893850185,0.06894596269780731,-6.284534309691615,CCCC[NH3+].[Cl-]
201.85425501864736,173.93193638125484,14.655255391476933,34.68287771397257,8.319531213328107,18.0,313.806825300289,431.2273580935773,11.153334475452242,0.9416513881931882,6.092462586726916,0.07065585720802754,-6.307334475452241,[NH3+]CCCC.[Cl-]
200.6367787889357,175.92764264085875,15.733407617307975,40.13698190141742,8.658111166578166,16.000000000000004,312.5475660367559,434.91216040142734,10.530619288208337,4.824538521087038,6.514313962232493,0.7034788413527167,-5.684619288208337,[NH3+]CCSC.[Cl-]
199.71779431560716,175.8868150625683,15.786712864981324,38.31384004378167,8.710575910013006,16.0,310.34830069903745,432.92682870635286,10.54223509839193,4.720489692270004,6.975479668999397,0.6672780803915952,-5.696235098391928,CSCC[NH3+].[Cl-]
258.37226087275,247.71723129955612,17.50208596855329,48.16138455733082,9.436543154492762,25.0,382.56887620528124,579.5782484820924,9.960006542868214,6.694470583880039,6.087233282096576,1.8563224733775043,-5.1140065428682115,[NH3+]Cc1ccc2cc1CCB2.[Cl-]
307.10215709975154,281.215564781009,17.466034762524835,44.08096326074327,8.498702055870831,29.0,447.4657200994575,666.9147365443258,10.730131714108808,5.3337726097437,6.048081080716732,0.9405803183734366,-5.884131714108807,CC=CCc1ccc(C[NH3+])cc1.[Cl-]
238.21828182769826,217.37644531989162,16.870781212033993,44.43932805917259,9.115588801817392,22.0,365.23348997130313,529.0091790312581,11.007944026344845,5.315631562839524,5.9606148607902405,0.9656929956418798,-6.161944026344843,Cc1ccc([NH3+])c(C)c1.[Cl-]
206.76576016801616,182.43474059891875,15.126003285822348,38.74447092467345,8.533413125752853,19.0,315.9059462676854,444.9872588268475,11.14665739699865,0.6305756916616103,6.5383340086579835,0.05152164463765977,-6.300657396998651,[NH3+]CCCCO.[Cl-]
276.0125521546497,260.32574399453637,16.493046272363557,38.262471685338795,8.207103530445588,27.999999999999996,404.3506667774857,607.5968424415273,11.009402908347656,4.939378971523469,5.985519705567052,0.8062650191461084,-6.163402908347657,[NH3+]CC1CCC(C(O)=O)CC1.[Cl-]
197.5767777915255,172.7177518504896,14.769252713980968,35.67171916649325,8.82701411351023,18.0,306.16834979934396,424.1523716740628,11.168330117064693,0.9658449172560388,6.100142262842992,0.07294471419474333,-6.322330117064694,[NH3+]CC(C)C.[Cl-]
197.2120879395378,172.70245576481847,14.806888997816896,36.12610241103427,8.82811094326787,17.999999999999996,304.88267040295915,422.98492201272103,11.160750915981366,0.9611559647681777,6.083885393560674,0.07240490181704619,-6.314750915981366,CC(C)C[NH3+].[Cl-]
274.428295138554,256.8151989312024,17.71430325853684,45.26023898792006,8.711781472615293,26.0,411.9977857853193,618.2535097084001,10.797101340850336,6.1212671090653386,6.296286640873163,1.3966675616597684,-5.951101340850336,Cc1cc(C[NH3+])ccc1C=CF.[Cl-]
229.0645603252993,211.12324132123308,17.442593569983273,39.777027052137214,8.982036695494118,18.000000000000007,344.99534152301703,496.51885398084795,11.074202980566259,4.893719191362907,5.661009866774721,0.7968380739454839,-6.228202980566257,[NH3+]CCCCI.[Cl-]
225.735,197.855,15.106,35.569,8.078,20.0,344.44,488.974,11.056,4.881,5.674,0.789,-6.21,BCCCC[NH3+].[Cl-]
192.0977534282493,162.42397105125795,14.56794627294203,32.50686958651385,8.37143804300926,16.0,302.51440465091787,411.7786695670463,11.1857823228227,1.7487584365484483,6.097523784356308,0.13936019269567362,-6.3397823228227015,[NH3+]CC1CC1.[Cl-]
188.47587984279056,165.86894687623243,16.01530570684408,36.810351769048005,8.847225837395552,14.0,296.98229942299815,413.7193962160197,10.107267017017085,6.2879984331929055,6.7010380367575255,1.4722583925935384,-5.261267017017084,C#SCC[NH3+].[Cl-]
224.83,197.92,15.17,37.023,8.348,20.0,339.78,480.616,10.885,4.502,5.952,0.635,-6.039,CBCCC[NH3+].[Cl-]
209.02357054743902,188.03182383592133,17.283865413948664,37.57128064982257,8.911677783451646,15.000000000000002,322.58177258040934,452.83064693475285,11.079603300337691,4.919947323596231,5.84337425168231,0.8080399669343018,-6.233603300337691,[NH3+]CCCI.[Cl-]
206.85765387564288,182.13984322736508,15.27922313281043,38.00956982425655,9.189370171556227,19.0,314.40022153390663,441.3350454449252,11.086315807592618,0.8491755977932657,6.109204293230104,0.06176033418532073,-6.240315807592617,[NH3+]C1CCCC1.[Cl-]
177.98607565711663,157.41740927446318,14.646595990972248,33.221670464319146,8.48597760481904,15.999999999999998,284.09743808151313,390.73307579260296,11.155807000507725,0.8297854941176339,5.8211530397097695,0.06345379066316924,-6.309807000507728,OCCC[NH3+].[Cl-]
183.01350193555066,158.81679065745024,14.643464778099087,34.19880714221829,8.601592789575179,16.0,287.9952678736476,395.94840822853814,11.167393931874086,0.7966354782380878,5.659759285693675,0.06219027348535357,-6.321393931874084,[NH3+]CCCO.[Cl-]
200.9081599054249,173.599726105248,14.655334645504684,34.07038795797497,8.126476069819198,16.999999999999996,316.4105425850856,439.12954625144584,11.087769556193868,4.9462882309665686,6.008467578840213,0.8189914425343887,-6.2417695561938675,BCCC[NH3+].[Cl-]
176.32862473876708,146.3776316288907,14.743497894573736,33.08121275408054,8.605197996949524,13.000000000000002,292.76784524725673,392.0824778964268,11.388100841032214,4.166271789670059,5.689752171341585,0.5952530369871134,-6.542100841032213,[NH3+]CCC#N.[Cl-]
177.32815217861128,146.70230082084842,14.796267730293257,33.39194973957944,8.616965758517678,12.999999999999998,292.68970085242273,391.99144827099985,11.388182441615605,4.167556914042378,5.701264117301573,0.5953570315901512,-6.542182441615605,N#CCC[NH3+].[Cl-]
215.87549794905962,195.19377081631686,15.188100690620285,32.81910922663201,8.583283327586845,20.0,328.1791832717806,469.2694734323954,11.149030625982597,5.3324812532545245,6.460224902959289,0.9906243618782143,-6.303030625982597,BC([NH3+])CCC.[Cl-]
334.104,314.631,18.826,47.454,9.377,29.0,450.662,703.56,10.853,6.161,15.363,1.428,-6.007,[NH3+]CCCC=CCC=CCI.[Cl-]
207.1303360291447,187.59379877457758,17.237444601869644,39.20145602191593,9.350061296794962,14.999999999999998,319.779667632835,451.02000579836294,11.180665021797806,5.3385491330057695,5.606089138774709,0.9977849309387867,-6.3346650217978056,CC([NH3+])CI.[Cl-]
185.85430993664912,154.560219202784,14.877002596721885,34.711098219732904,7.674385945480141,14.000000000000002,303.01347008468497,408.1122787366111,11.087938474972127,2.6650763675311313,5.928675938539423,0.24502485157569787,-6.241938474972127,[NH3+]CCC#C.[Cl-]
296.5975915512253,274.09085097101314,18.122759148991708,42.8681806616669,8.093179621425126,26.999999999999996,442.9140597440332,663.597344706575,10.105703969803502,6.38903228541683,5.934093965482899,1.5566599704472237,-5.259703969803502,N=C=CC=Cc1cccc(C[NH3+])c1.[Cl-]
364.3828773017564,343.72743559838085,18.364761451191978,44.17257303173236,8.46826598432874,35.00000000000001,528.5630986245285,811.2897912076332,9.536265726510816,6.759368827810807,6.148938041862062,1.9633686826087384,-4.690265726510815,Cc1ccc(C[NH3+])cc1C=CBC=C=CN.[Cl-]
179.9673243111742,150.48520378877924,14.220618951911831,32.420244418883016,8.224027408512404,15.0,286.7535641746751,383.5250287168274,11.217991807239523,0.9303282472572089,6.090612821111462,0.07340036139118994,-6.371991807239523,CCC[NH3+].[Cl-]
179.76064558062504,150.27692904999805,14.219742603685853,32.417394187825884,8.218831831177708,14.999999999999998,286.69575445865473,383.48494215454673,11.21801493989501,0.9310116135460522,6.089906234312645,0.07341546284603155,-6.372014939895012,[NH3+]CCC.[Cl-]
215.6486629151608,191.8143855522048,15.626463952987496,39.887218860697494,8.901025482766723,18.0,331.81792542925416,467.7184190634714,11.269547534422612,3.6198828040883915,11.299745215525327,0.44344663904166937,-6.423547534422612,[NH3+]CCCCCl.[Cl-]
277.79763121617583,258.17886157889666,18.059132013737837,44.538002766493314,8.217723821844979,25.0,417.09697662189615,625.3033705499648,10.714227216683518,6.234798363087648,5.970930139999726,1.4698341443405512,-5.868227216683516,C#Cc1cc(C[NH3+])ccc1C=C.[Cl-]
197.4750939695518,173.4396028755632,14.740868173918148,34.39181850835129,8.222771105603755,16.999999999999996,308.3463318876427,431.84716598082014,11.186891803823567,5.09152832662775,5.851118659871906,0.8897065188389954,-6.340891803823569,BCC(C)[NH3+].[Cl-]
227.40492130380804,210.82330347809034,17.503262593425585,41.2983538509317,8.873913089775,18.0,342.57598310489504,494.75695743153085,11.144630049478598,5.462897017932323,5.669567353053438,1.0521908389696497,-6.298630049478598,CCC(I)C[NH3+].[Cl-]
289.7594107540952,268.2883745998581,17.801816864523207,43.998865877965706,8.292720404236109,27.0,433.36675246626294,645.3463043644258,10.558556947573404,6.5058675792419205,6.063695667023398,1.6767175610364682,-5.712556947573404,C=CC=Cc1cccc(C[NH3+])c1.[Cl-]
280.123,276.492,17.426,44.126,9.54,30.0,394.39,615.24,10.794,4.984,5.568,0.797,-5.948,C=CCCOCC=C(C)C[NH3+].[Cl-]
155.12855898615697,123.1607744727437,14.139371065460288,27.045328082062618,8.76666225396973,10.0,270.1785826012219,347.9411162413031,11.44576736489482,5.161449099298806,5.315305780909121,0.9513020946844626,-6.59976736489482,N#CC[NH3+].[Cl-]
163.20508813530657,130.31079873666485,14.274480832586931,27.61017587298685,7.53508026157676,11.0,280.32104091769753,363.78983092552676,11.237221050310657,3.693628058710023,6.025909410164776,0.4546431402741867,-6.391221050310658,C#CC[NH3+].[Cl-]
217.25179075776958,198.34041588418694,16.589517688591208,36.80189562777011,8.938609318339509,18.0,330.6212973289813,473.4756853557523,11.10010944760337,4.675912667790591,5.518559625530335,0.720176057119081,-6.254109447603368,[NH3+]CCCCBr.[Cl-]
220.83,195.611,15.208,35.302,8.263,20.0,335.19,477.982,10.989,4.75,5.917,0.733,-6.143,CCCBC[NH3+].[Cl-]
293.04904079446953,270.60297407965595,17.553712378365823,44.0898368419013,8.206853420817199,28.000000000000004,435.9747839083639,646.7282815633796,9.924074323662138,5.3694349783885285,7.080236320771458,0.8616008960884046,-5.078074323662139,Cc1ccc(C[NH3+])cc1C=CN.[Cl-]
214.80124064650556,178.67144785505212,14.91844958094367,29.063254591106208,7.9707819912136735,16.0,349.78416601099747,476.72308653097974,10.956814967718365,5.231698275741917,6.376324933363764,0.9212587638215519,-6.110814967718362,BCC#CC[NH3+].[Cl-]
190.08581143800683,154.26628786927893,14.568149193914273,28.576923344093203,8.082540857299621,13.999999999999996,315.5537769500056,416.6225699802076,11.02387200535987,3.547245320118922,6.431897772697541,0.39817451231080175,-6.17787200535987,CC#CC[NH3+].[Cl-]
231.432,199.214,14.893,31.356,8.141,20.0,352.03,491.599,10.959,4.533,5.808,0.654,-6.113,CCBCC[NH3+].[Cl-]
290.3096193528788,267.8230241811119,17.654138989095518,44.57466769904146,8.24950168499679,27.0,438.9832094420101,649.3040498597213,10.569307880561091,6.578557596751173,6.082254669431664,1.741115547256111,-5.72330788056109,C=CC=Cc1ccc(C[NH3+])cc1.[Cl-]
245.727,215.177,15.071,34.178,8.876,23.0,372.34,524.349,10.599,0.892,6.341,0.042,-5.753,CC(C)NCC[NH3+].[Cl-]
204.13208937610352,173.84139075613112,14.584442532460297,29.610755991182966,8.161213488387512,17.0,320.03154793780527,439.68963360915063,11.133755832742564,5.82786980556212,5.803462969902794,1.2445574706755904,-6.2877558327425636,CCCB[NH3+].[Cl-]
219.61178927809704,195.03505945826902,16.563188382916795,39.91655936788798,9.06059735237707,19.000000000000004,344.9903942811052,487.3548080662862,11.085927514853324,5.408744169775922,6.093629471666204,1.018833618879557,-6.239927514853322,Cc1cccc([NH3+])c1.[Cl-]
176.624105243248,149.469611579027,14.277735791783229,33.551270746259576,8.763775615242952,15.0,280.05074904542397,378.7661915169879,11.293097718594762,0.9278154387026771,6.019963856649369,0.07719421048649605,-6.4470977185947635,CC(C)[NH3+].[Cl-]
206.62903106531067,175.06398090446618,14.59087320687135,30.011908850854574,8.187607994501374,17.0,322.4782101443872,442.1812444289122,11.053416617182243,4.600666468728973,5.881002547084407,0.6885538487974168,-6.207416617182243,CBCC[NH3+].[Cl-]
216.438,189.309,16.229,45.016,8.751,17.0,335.79,470.44,9.99,6.241,5.833,1.425,-5.144,CS#CCC[NH3+].[Cl-]
196.78837756914317,160.32221175131951,14.36196861864615,33.7596142313232,8.40625894604178,13.000000000000002,341.31869544963405,450.91831928214754,10.391514529543278,6.066326063144,12.511774165136798,1.3285878929659634,-5.545514529543279,B#CCC[NH3+].[Cl-]
189.67918217003518,165.2505078626366,16.972756918912214,37.184402372539246,8.864877882210942,12.0,300.7263109693075,410.2949862652272,11.174772630319422,5.297910839159106,5.510950184651996,0.9789358417439628,-6.328772630319423,[NH3+]CCI.[Cl-]
146.118,121.546,14.987,29.635,8.093,10.0,255.26,334.09,8.761,1.356,5.707,0.003,-3.915,B#CC[NH3+].[Cl-]
198.73,172.647,14.908,35.482,8.414,17.0,308.58,428.621,10.992,4.75,5.907,0.733,-6.146,CCBC[NH3+].[Cl-]
157.54776585207549,126.35545296640478,13.581144716815203,28.5689913089236,8.016410129924955,12.0,261.36608686034225,337.456271223968,11.315685383677296,0.889,6.098303329268287,0.07569522431988737,-6.469685383677298,CC[NH3+].[Cl-]
157.42172562529976,126.72799056279675,13.559355506639687,29.701533907631877,8.012128700869303,12.0,261.34835375179864,337.43582015049765,11.316315396885493,0.8896466245533572,6.099441966561752,0.07570675089328538,-6.470315396885493,[NH3+]CC.[Cl-]
306.6415208035727,284.4260105508801,17.705641727699007,42.39693328084008,8.234923221469666,29.0,459.8404540397253,685.703444501087,10.007559670505968,5.905013071272638,6.988550061863171,1.1792016704353685,-5.161559670505968,C=CC=CNc1ccc(C[NH3+])cc1.[Cl-]
211.426,185.359,15.761,37.264,8.851,18.0,324.821,460.145,10.567,4.172,6.157,0.498,-5.721,C=BCCC[NH3+].[Cl-]
155.8923151893624,125.65598653913091,14.268911143784848,28.5689788155167,8.675998528908996,10.0,270.64708642930145,355.27995719047897,11.438164251561199,4.101552041196731,6.070093563706362,0.5828954762792372,-6.592164251561199,[NH3+]CB=O.[Cl-]
186.87275263215193,160.62911327390694,14.862565515292832,39.49697026236814,8.869136673279911,16.0,289.2267958146109,398.1463589922188,11.150075494466726,0.8133754431511621,5.919975801819943,0.06282928089256141,-6.304075494466725,[NH3+]C1CCC1.[Cl-]
180.36911207970823,150.89606846874733,14.194447693152938,31.23705049479674,8.007839343749309,13.999999999999998,291.6192602473267,393.45752635538685,11.212845560855543,5.045245076644745,5.709179287933715,0.874028233975037,-6.366845560855543,BCC[NH3+].[Cl-]
194.89987909984004,168.33044533153398,15.18970872782295,39.223919362010214,8.563522381616158,15.000000000000002,309.1383360251145,423.8676565726001,11.281236348718465,3.6001518772060046,11.007577450439136,0.43910345296748654,-6.435236348718465,[NH3+]CCCCl.[Cl-]
180.1408652339597,150.10927214897134,14.217908538276056,31.24855775652665,8.158677079551795,14.0,288.7808425356074,388.4996060311625,11.14736868114457,5.813212975869722,5.746816932398743,1.238774990221149,-6.301368681144573,CCB[NH3+].[Cl-]
200.51973441988207,172.88390198985655,14.932140758179628,34.804483754918095,8.442630430485146,17.0,307.04699460199697,427.9412162289944,11.067981793304124,5.577690182109079,6.096523077819782,1.101022539859025,-6.221981793304125,CCB(C)[NH3+].[Cl-]
215.547,196.781,16.236,39.952,8.57,19.0,328.86,471.409,10.751,4.895,5.237,0.757,-5.905,CCCSC[NH3+].[Cl-]
213.68518831346918,187.06210945393033,15.426160524643391,38.25654367579869,8.396649898528457,18.999999999999996,328.59444775518944,460.39517278356595,10.968011788131177,3.818596066954742,6.047186339756385,0.45444497831959507,-6.122011788131179,C=CCCC[NH3+].[Cl-]
173.4282707654517,148.8425505039283,14.419735751184195,33.69915880504876,8.383313925514104,14.0,278.42950323301704,379.0245720333576,11.167956839937606,4.818162865295722,5.887393729002988,0.7802276053893145,-6.321956839937606,CBC[NH3+].[Cl-]
168.30202476982035,141.58348159567913,16.524271272444345,34.20961477781651,9.856840411985722,8.999999999999998,280.5580550770628,367.84844780744953,11.274049413790246,5.786456951709288,4.907998993195971,1.2374445353364747,-6.428049413790247,[NH3+]CI.[Cl-]
155.91704671245526,125.7444488959527,13.442280765525348,26.51146205300241,7.854201192122531,11.0,267.23539255370946,347.6029233866408,11.302851343288143,5.446529423490761,6.0087606315070055,1.0635773494307388,-6.456851343288143,BC[NH3+].[Cl-]
177.36610459393776,150.01608038398962,14.171152066321683,30.88997966712451,8.509995050797377,14.0,286.5380219410705,388.5828643894812,11.205,5.5408710714964515,5.976791759636805,1.0979355357482254,-6.359,BC(C)[NH3+].[Cl-]
202.97175257448276,187.15092244349256,16.455976295593967,37.29984878474402,9.304423974851716,17.0,312.96374696623405,448.9924447350571,9.657318657252997,6.083530644678854,5.897464105333848,1.2818716541094606,-4.811318657252995,[NH3+]CCCC#[SH].[Cl-]
165.82025063301566,136.22997909347828,13.85011194562302,31.605355363291487,7.849977061002884,12.999999999999998,273.885264764215,361.15431314489297,11.228060731757575,0.9794048667237193,5.944774059653409,0.07733016629256965,-6.382060731757575,[NH3+]CCO.[Cl-]
215.81673952069588,189.80676859140797,15.120270188374507,35.99841219378752,8.291734970775092,19.999999999999996,328.82647239240146,462.9182587584323,10.985637380395652,1.6405703964890859,5.124433326764521,0.11535708137866828,-6.139637380395651,CCCCN[NH3+].[Cl-]
228.036,216.743,15.957,45.102,8.481,21.0,338.581,508.757,10.755,6.599,6.314,1.765,-5.909,BCCBCB[NH3+].[Cl-]
187.38735119135197,164.42419796577366,16.943001047775024,35.635512803862476,9.858719103354066,12.000000000000002,297.8167199247675,408.4142191071912,11.271883686721402,5.926986447866091,4.8184377112622805,1.3188572328291386,-6.4258836867214,CC([NH3+])I.[Cl-]
202.4734737611802,178.48248829425128,16.6306703017153,39.525946538947345,8.635883419053945,13.999999999999998,319.448586227049,443.37058438669015,10.889572792598143,6.312558782084281,11.913981407480534,1.5416884411479927,-6.043572792598141,[NH3+]CCS#[SH].[Cl-]
140.41,115.603,16.425,29.558,9.587,6.0,248.452,314.718,11.482,8.033,5.235,3.496,-6.636,[NH3+]I.[Cl-]
223.12817397326032,204.1354416480266,15.720580959317791,34.81007080906873,7.981713439484786,20.999999999999996,344.254212070507,496.9541334790764,11.238083419562638,5.153552240560827,5.854439726357001,0.9217914103714484,-6.39208341956264,[NH3+]CCCCC(O)=O.[Cl-]
217.8297501062318,179.70963330602277,14.95006985833444,29.650757754561916,8.086982545849501,16.999999999999996,347.4831385514049,468.9256644193835,11.044508337990827,3.5307911045495524,6.3359450997399565,0.39690227416027735,-6.198508337990827,CCC#CC[NH3+].[Cl-]
165.19723324375212,138.23359253617775,14.24884063217683,37.83709044264324,8.284027227733068,13.0,267.70912318937945,356.8464962855519,11.31394906702222,1.2076298552889981,5.899923362489888,0.09910186595556238,-6.46794906702222,[NH3+]C1CC1.[Cl-]
163.89569427204947,134.30417877207944,13.702432502324843,25.858745935237263,7.4207059772304,12.0,280.1512640747161,368.1289030036165,11.202142921302398,3.839209649939224,6.701138394883459,0.4856944605836742,-6.356142921302398,[NH3+]CBO.[Cl-]
198.77261105495128,175.29954620276774,16.187402185050622,35.42204252952191,8.819368427540445,15.000000000000002,312.83324466364814,434.7467771859082,11.110972177048177,4.6951436712730255,5.850590497383854,0.728469352503775,-6.264972177048177,[NH3+]CCCBr.[Cl-]
191.1019212413268,160.89815563741053,14.387324403813196,35.300636482138295,8.329029199072465,15.0,310.5099919649598,420.05502116403227,10.818558799896941,6.03155879989694,6.3550884007214155,1.338,-5.972558799896941,[NH3+]CB1CC1.[Cl-]
133.626,102.221,12.744,24.098,7.696,9.0,235.7,290.207,11.397,0.83,6.101,0.076,-6.551,C[NH3+].[Cl-]
155.9204068095036,125.72716897815667,13.465347684466527,27.331939072670846,8.02970580026919,11.0,266.38765768881916,344.50800291275925,11.353108895070989,5.741549942785122,6.18046535878057,1.2206344451472524,-6.507108895070988,CB[NH3+].[Cl-]
207.42875134548046,182.90339810086368,14.935714138700607,32.77847002910872,8.419210876417027,19.000000000000004,321.4428601968246,449.5599843753027,11.119840321116213,1.160636821623051,5.635605901424483,0.08458251925095775,-6.2738403211162135,CCCOC[NH3+].[Cl-]
219.15636822627548,188.18498968265195,15.47666158538225,38.317974175685016,8.515712475507785,18.000000000000004,336.4295950686382,473.3058719216514,10.240383792587052,4.0907706878333485,5.9911648679638,0.4371958732867729,-5.3943837925870515,CB=CCC[NH3+].[Cl-]
142.46989986390238,112.13754072434799,13.202378028473927,27.48503143509991,8.014220109132411,10.0,246.92006834743773,314.0927515883067,11.40646602584322,0.9007371859378498,5.514272651560733,0.08151128954339275,-6.560466025843219,[NH3+]CO.[Cl-]
100.217,72.084,11.57,18.532,6.932,5.0,196.669,226.483,12.829,10.947,1.602,13.174,-7.983,[NH3+].[Cl-]
184.86014103606425,154.55664491940547,14.895570936124756,32.37067433776265,7.695713358342547,13.999999999999998,300.61985298602093,406.33462160686923,11.24814886344752,3.6624676495295914,5.983195632623477,0.44871663967088854,-6.402148863447521,C#CC(C)[NH3+].[Cl-]
160.51907064040836,129.98205906907776,13.742033286915007,29.6100059925957,8.163383549948188,12.000000000000002,267.13596145401505,351.6614857869391,11.447371175395267,1.1655348949689566,5.5767927185934765,0.10390750349244032,-6.601371175395266,CC([NH3+])F.[Cl-]
222.05,190.503,16.239,38.232,8.777,16.0,340.88,485.063,9.934,6.989,5.824,2.22,-5.088,BC([NH3+])C#SC.[Cl-]
198.80624544026176,175.75225673976163,16.191968343892857,36.68915845363868,8.917208037875001,15.0,310.96827357760594,433.5789954349414,11.182883086794902,5.094642538428453,5.547152733604711,0.8901963571401375,-6.336883086794901,CC(Br)C[NH3+].[Cl-]
130.732,101.518,12.675,22.257,7.686,8.0,238.11,298.149,11.507,6.231,5.695,1.534,-6.661,B[NH3+].[Cl-]
196.53048800526204,171.417311320536,16.484018323973395,39.79892222461105,9.112577034134475,16.0,316.277089060841,438.24488579564445,11.236221292668093,5.506600836598717,5.97675072187408,1.0845336121995723,-6.390221292668093,[NH3+]C1=CC=CC=C1.[Cl-]
196.3818808301425,171.20956393585675,16.469769476765563,39.764606262427606,9.1116842884233,16.0,316.34820932690286,438.31887449370464,11.236932453236614,5.506503670373371,5.974286348589726,1.0845638763900145,-6.390932453236614,[NH3+]c1ccccc1.[Cl-]
220.38400018233318,195.52985278565828,15.940868989009125,39.6340795388329,8.886353222046875,20.0,331.52812006803094,472.6922318256557,10.65462289981751,4.40543959639156,5.977238798840886,0.5772012125081294,-5.808622899817509,[NH3+]CC1=CCCC1.[Cl-]
192.84978333894563,164.66544301323404,15.077581652795896,36.426793740224525,8.226101134956934,15.0,310.3170819204619,428.5493766565698,10.537341851030112,4.438103383547726,6.062366228741477,0.5726998209438038,-5.691341851030112,B=CCC[NH3+].[Cl-]
160.3717065068411,135.23381054145307,14.017147688916385,32.85535892649814,7.912192790312887,13.0,264.9375829192151,352.8370042886336,11.240426326215308,1.0438867344882445,5.53238822969772,0.08244904758706027,-6.394426326215308,COC[NH3+].[Cl-]
302.65346450919776,283.807615974667,17.866831618702676,44.19716859282171,8.288350357532556,29.000000000000004,444.08296968293826,671.6505529820647,10.229907171938661,5.80695891068195,6.079534831627234,1.138064562434651,-5.38390717193866,CN=C=Cc1ccc(C[NH3+])cc1C.[Cl-]
193.71184505354512,163.5347422696003,15.042448138855484,33.564435121231874,8.400422542339534,15.0,312.04163998296224,425.90835765151417,10.551722763154373,4.0490824403028,5.82427570960608,0.4633985751035202,-5.705722763154373,C=BCC[NH3+].[Cl-]
161.253891441275,132.12722494570357,14.632305643499311,29.273026931718974,8.650346821683053,9.0,291.68144743856647,386.9824772065969,11.012004046504916,7.709024279029496,7.129502728273608,3.087189953428482,-6.166004046504916,B#CB[NH3+].[Cl-]
246.724,212.691,15.42,34.832,8.489,21.0,384.5,538.884,11.097,3.439,5.463,0.383,-6.251,CCC(O)CC#C[NH3+].[Cl-]
208.60347348669202,193.24082561700328,17.194815358946155,39.160363765764956,9.072212663345898,16.999999999999996,326.97535826313697,471.74768189066396,8.46840618644816,4.600721669879775,6.578492750318447,0.3687257582958115,-3.6224061864481594,B#CCCSC[NH3+].[Cl-]
206.80079645136672,177.36370341507472,14.702753542000211,34.170984493332426,8.276069838324704,18.000000000000004,322.53733365679614,447.58774052969187,11.246312495685299,1.2816056624074017,6.086471902386306,0.10082583912018762,-6.400312495685298,CCCC([NH3+])F.[Cl-]
302.1952415510733,278.52315871757264,17.63610565815255,41.8925792952592,8.18327744670683,28.0,456.84648322622775,677.8552878833322,10.29450010174303,6.474039996464903,6.119795572778422,1.6384739608644256,-5.4485001017430275,[NH3+]Cc1ccc(C=CC=CO)cc1.[Cl-]
,,,,,,,,,,,,,[NH3+]CC1B=C1.[Cl-]
125.942,97.983,13.565,23.142,8.041,6.0,227.48,280.183,11.925,5.648,7.756,1.237,-7.079,[NH3+]Cl.[Cl-]
174.52985938078223,145.59710196742702,14.605701528492943,33.5578053234639,8.34462101195671,12.000000000000002,287.52038633039064,380.20208271120663,11.333658380183183,2.5167955024146287,10.013282079866634,0.2451926212156495,-6.487658380183182,[NH3+]CCCl.[Cl-]
111.017,81.362,11.889,20.211,7.325,6.0,216.139,256.891,11.476,3.149,5.577,0.365,-6.63,[NH3+]F.[Cl-]
151.843,121.678,14.024,26.206,8.012,9.0,261.28,333.855,11.529,2.794,9.866,0.307,-6.683,[NH3+]CCl.[Cl-]
131.302,104.392,14.82,26.683,8.874,6.0,239.221,297.615,11.469,8.085,5.188,3.593,-6.623,[NH3+]Br.[Cl-]
194.14655136799098,174.0996276669266,15.87394245346722,36.20013266131485,8.88069737887782,16.0,303.42073040704344,424.95337980247126,10.72312295474326,4.942252462339076,5.277211416955131,0.7716951042846892,-5.877122954743259,CCSC[NH3+].[Cl-]
187.56248750715102,159.6299563063006,14.336335125358591,32.05445476621531,8.28899305751829,16.0,301.89335549687456,408.9115007817528,11.235176201622291,1.0315084392101865,5.728143339488742,0.08155306548855432,-6.389176201622292,CCOC[NH3+].[Cl-]
171.3157630155882,139.50530282692597,14.408135635777066,27.93667074425983,8.271709330090404,11.999999999999998,290.4137383288497,382.4560205720878,10.788722234044277,4.443821360564065,5.987817492334876,0.6047765543903851,-5.942722234044278,C=BC[NH3+].[Cl-]
174.843,145.872,14.502,29.181,8.688,12.0,288.55,382.164,11.509,2.955,9.962,0.333,-6.663,CC([NH3+])Cl.[Cl-]
178.81459700611222,152.46759850343273,15.809479716544395,35.045484086921284,9.246680763963722,12.0,287.90606640709825,390.39470616697196,11.286581150856296,5.521577401602525,5.067880638950782,1.0991909057973486,-6.440581150856298,CC([NH3+])Br.[Cl-]
191.87142052614368,165.67993814655944,14.748884614783275,34.850865917413365,8.461636488272944,17.000000000000004,300.54241087072205,412.89466370314585,11.01349139543545,1.6448259983640545,5.112032074033177,0.11777492830614612,-6.16749139543545,CCCN[NH3+].[Cl-]
119.044,88.912,12.196,20.976,7.008,7.0,222.648,267.44,11.463,2.896,5.362,0.318,-6.617,[NH3+]O.[Cl-]
185.12,152.473,14.655,27.165,8.423,13.0,312.811,415.278,10.824,5.595,6.11,1.082,-5.978,[NH3+]B=C1CC1.[Cl-]
172.81847233996064,150.51031090732644,15.641940326232612,35.90375561623323,8.880407035467192,13.0,277.5126319150099,378.25709862424446,10.7255508794334,4.958898241133202,5.12,0.7784491205666011,-5.879550879433399,CSC[NH3+].[Cl-]
306.50839103158614,284.63307361584157,17.830383889809703,43.91962951995336,7.942842786813587,29.000000000000004,455.5456395014009,680.7794281694681,9.721587023499099,6.010777609487799,6.880022896930764,1.2293008691564136,-4.875587023499099,NC=CC=Cc1cccc(C[NH3+])c1.[Cl-]
167.30690683992242,137.22024378147182,13.894163067868394,31.376235860943627,8.280232164746202,12.0,281.4148095687731,371.0112011428615,11.11703832010147,6.752065023477334,6.021359967563482,1.9171172044417937,-6.27103832010147,[NH3+]B1CC1.[Cl-]
207.96828889830124,181.81655194569007,15.383574710457816,36.19326646337601,7.936149605253929,17.999999999999996,326.40243981678435,459.7814652574875,11.208523886203151,4.865687394572952,6.530965927871859,0.804398800247932,-6.362523886203152,[NH3+]CCCC(O)=O.[Cl-]
124.019,94.192,12.635,23.453,7.709,8.0,225.869,273.996,11.287,1.544,4.997,0.126,-6.441,N[NH3+].[Cl-]
189.66878233372594,162.0537127198417,15.012781032097525,33.698317060313954,8.730967245553748,16.0,302.2403997389625,412.34093653906257,11.022585776315713,4.411960450746204,6.219942119067519,0.6246072535896219,-6.1765857763157115,C=C(C)C[NH3+].[Cl-]
158.35367338264643,129.2673415443108,15.25306677877711,31.196852209425682,9.18820945857391,9.000000000000002,268.8156613102857,348.59819208884653,11.281148454945505,5.435642511905803,5.19139377639758,1.056391856729782,-6.435148454945504,[NH3+]CBr.[Cl-]
138.17147536892162,122.71425346499922,16.102124822241812,41.57143088172111,8.966376822664172,10.0,236.57236326024676,316.48227519915156,11.083890247263847,7.167694301178933,0.8399919983105579,2.3383617531585124,-6.237890247263848,N#SC[NH3+].[Cl-]
192.86330476804926,165.18823983495693,15.797304110329677,40.27784608942467,8.88179405432593,14.0,313.8880279837409,425.03597617020444,9.921444250596736,6.334217971352957,9.3712951377522,1.500836029937383,-5.075444250596735,[NH3+]CCC#[SH].[Cl-]
162.8942514212643,140.3315508527586,15.890340113701145,40.96157915432792,8.526052684764363,11.0,267.39222741614935,361.04752318363205,10.031712571063215,6.582712571063215,5.49674491472414,1.7367125710632165,-5.185712571063216,[NH3+]CC#[SH].[Cl-]
170.2587017977764,142.05551584070648,15.556367670064576,33.466554603131506,8.347191593633976,11.000000000000002,281.3942846609311,376.6853797543582,10.38174827431384,6.610475646327502,5.838469561565622,1.766948948519975,-5.53574827431384,C#SC[NH3+].[Cl-]
222.33,188.151,15.197,38.355,8.322,18.0,349.11,481.522,10.846,5.251,5.971,0.916,-6.0,CCCC=B[NH3+].[Cl-]
127.99,98.005,13.451,23.148,8.255,7.0,241.13,297.232,11.581,5.084,5.591,0.935,-6.735,N#C[NH3+].[Cl-]
179.78883592258234,152.9831517444958,15.78670907227173,33.96692064885377,8.716486161348072,11.999999999999998,290.45590436959554,391.87270486036425,11.199992840336355,5.034531737811034,5.518039378150037,0.868852265544595,-6.353992840336356,[NH3+]CCBr.[Cl-]
167.41925540751532,141.246223675524,14.26156663902421,34.224586487908894,8.277914669442579,14.0,271.75589450335644,363.50300870339305,11.067514709319763,1.6013746612060509,5.0974762799071085,0.11744420093983406,-6.221514709319763,CCN[NH3+].[Cl-]
171.20552725663458,142.54863662365358,15.702705403657092,36.272233375338985,8.696456229357489,11.0,278.2415655963765,374.5605841193089,10.37517508257004,6.79391245871498,4.78298147706761,1.9519124587149803,-5.52917508257004,CS#C[NH3+].[Cl-]
171.7643638639276,140.6796275550938,14.512880626612244,31.067345948299103,8.043445046798489,12.0,289.1130783583959,385.1889758663277,10.833093368647816,4.884740234402805,6.177645790142387,0.7629933108858306,-5.987093368647816,B=CC[NH3+].[Cl-]
182.35113391469088,158.34238472160047,14.826965974038545,41.0012828053859,8.661389628643464,15.0,289.7785018876772,401.75658489086345,11.07577536398648,5.558704040701566,5.519283265654532,1.0928589891111742,-6.22977536398648,[NH3+]C1CBC1.[Cl-]
183.921,151.716,14.315,36.806,6.521,13.0,325.39,418.822,11.472,7.696,14.843,2.973,-6.626,CC1=BC1[NH3+].[Cl-]
120.316,97.386,14.642,22.883,8.118,7.0,222.821,281.418,9.478,0.318,4.425,0.0,-4.632,B#C[NH3+].[Cl-]
